id,ident,type,name,latitude_deg,longitude_deg,elevation_ft,continent,country_name,iso_country,region_name,iso_region,local_region,municipality,scheduled_service,gps_code,iata_code,local_code,home_link,wikipedia_link,keywords,score,last_updated
3605,KICT,medium_airport,"Wichita Eisenhower National Airport",37.649899,-97.433098,1333,NA,"United States",US,Kansas,US-KS,KS,Wichita,1,KICT,ICT,ICT,,https://en.wikipedia.org/wiki/Wichita_Dwight_D._Eisenhower_National_Airport,,750,2021-07-31T17:52:14+00:00
3891,KSLN,medium_airport,"Salina Municipal Airport",38.79100036621094,-97.6521987915039,1288,NA,"United States",US,Kansas,US-KS,KS,Salina,1,KSLN,SLN,SLN,,https://en.wikipedia.org/wiki/Salina_Municipal_Airport,,750,2008-06-13T14:30:04+00:00
20199,KIXD,small_airport,"New Century AirCenter Airport",38.830898,-94.890297,1087,NA,"United States",US,Kansas,US-KS,KS,"New Century",0,KIXD,JCI,IXD,,https://en.wikipedia.org/wiki/New_Century_AirCenter,"NUU, KNUU, Naval Air Station Olathe, NAS Olathe, Olathe, Flatley Field, Johnson County Industrial Airport",50,2022-12-28T13:45:50+00:00
20731,KOJC,small_airport,"Johnson County Executive Airport",38.84759903,-94.73760223,1096,NA,"United States",US,Kansas,US-KS,KS,Olathe,0,KOJC,OJC,OJC,http://www.jocogov.org/dept/airport-commission/executive-airport,https://en.wikipedia.org/wiki/Johnson_County_Executive_Airport,,50,2015-09-11T06:22:32+00:00
3683,KMHK,medium_airport,"Manhattan Regional Airport",39.14099884033203,-96.6707992553711,1057,NA,"United States",US,Kansas,US-KS,KS,Manhattan,1,KMHK,MHK,MHK,,https://en.wikipedia.org/wiki/Manhattan_Regional_Airport,,750,2008-06-13T14:30:04+00:00
21213,KTOP,medium_airport,"Philip Billard Municipal Airport",39.069899,-95.622606,881,NA,"United States",US,Kansas,US-KS,KS,Topeka,0,KTOP,TOP,TOP,http://www.mtaa-topeka.org/billard-airport,https://en.wikipedia.org/wiki/Philip_Billard_Municipal_Airport,,250,2022-11-02T16:25:59+00:00
3550,KGCK,medium_airport,"Garden City Regional Airport",37.9275016785,-100.723999023,2891,NA,"United States",US,Kansas,US-KS,KS,"Garden City",1,KGCK,GCK,GCK,,https://en.wikipedia.org/wiki/Garden_City_Regional_Airport,,750,2016-01-22T15:07:05+00:00
3598,KHUT,medium_airport,"Hutchinson Municipal Airport",38.0654983521,-97.86060333250002,1543,NA,"United States",US,Kansas,US-KS,KS,Hutchinson,0,KHUT,HUT,HUT,http://www.hutchgov.com/department/?fDD=20-0,https://en.wikipedia.org/wiki/Hutchinson_Municipal_Airport_(Kansas),,400,2014-11-23T10:49:16+00:00
20391,KLWC,small_airport,"Lawrence Municipal Airport",39.01119995,-95.21659851,833,NA,"United States",US,Kansas,US-KS,KS,Lawrence,0,KLWC,LWC,LWC,http://www.lawrenceks.org/airport,https://en.wikipedia.org/wiki/Lawrence_Municipal_Airport_(Kansas),,50,2015-02-14T00:16:24+00:00
3537,KFOE,medium_airport,"Topeka Regional Airport",38.950901,-95.663597,1078,NA,"United States",US,Kansas,US-KS,KS,Topeka,0,KFOE,FOE,FOE,,https://en.wikipedia.org/wiki/Topeka_Regional_Airport,"Topeka Army Airfield, Forbes AFB, Forbes Field",475,2021-03-03T13:22:20+00:00
19225,KAAO,small_airport,"Colonel James Jabara Airport",37.74760056,-97.22109985,1421,NA,"United States",US,Kansas,US-KS,KS,Wichita,0,KAAO,,AAO,,https://en.wikipedia.org/wiki/Colonel_James_Jabara_Airport,,50,2010-01-23T11:28:46+00:00
19756,KEMP,small_airport,"Emporia Municipal Airport",38.3320999146,-96.19120025630001,1208,NA,"United States",US,Kansas,US-KS,KS,Emporia,0,KEMP,EMP,EMP,http://visitors.emporia-kansas.gov/index.php/emporia-municipal-airport,https://en.wikipedia.org/wiki/Emporia_Municipal_Airport,,50,2014-07-26T16:58:29+00:00
19956,KGLD,medium_airport,"Goodland Municipal Airport",39.370701,-101.699753,3656,NA,"United States",US,Kansas,US-KS,KS,Goodland,0,KGLD,GLD,GLD,,https://en.wikipedia.org/wiki/Goodland_Municipal_Airport,"Renner Field",250,2022-08-08T15:16:45+00:00
20109,KHYS,medium_airport,"Hays Regional Airport",38.84220123,-99.27320099,1999,NA,"United States",US,Kansas,US-KS,KS,Hays,0,KHYS,HYS,HYS,,https://en.wikipedia.org/wiki/Hays_Regional_Airport,,250,2013-01-12T16:57:47+00:00
20266,KK81,small_airport,"Miami County Airport",38.53971,-94.920517,940,NA,"United States",US,Kansas,US-KS,KS,Paola,0,KK81,,K81,,,"Osawatomie-Paola Municipal Airport",50,2022-03-18T03:12:26+00:00
3636,KLBL,medium_airport,"Liberal Mid-America Regional Airport",37.0442009,-100.9599991,2885,NA,"United States",US,Kansas,US-KS,KS,Liberal,1,KLBL,LBL,LBL,,https://en.wikipedia.org/wiki/Liberal_Municipal_Airport,,750,2010-01-23T11:27:55+00:00
8378,1K1,small_airport,"Lloyd Stearman Field",37.77790069580078,-97.1135025024414,1364,NA,"United States",US,Kansas,US-KS,KS,Benton,0,1K1,,1K1,,https://en.wikipedia.org/wiki/Lloyd_Stearman_Field,,50,2008-06-13T14:30:04+00:00
21292,KUKL,small_airport,"Coffey County Airport",38.30250168,-95.72499847,1174,NA,"United States",US,Kansas,US-KS,KS,Burlington,0,KUKL,,UKL,,,,50,2010-01-23T11:29:32+00:00
20778,KOWI,small_airport,"Ottawa Municipal Airport",38.538700103759766,-95.25299835205078,966,NA,"United States",US,Kansas,US-KS,KS,Ottawa,0,KOWI,,OWI,,,,50,2008-06-13T14:30:04+00:00
3484,KDDC,medium_airport,"Dodge City Regional Airport",37.76340103149414,-99.9655990600586,2594,NA,"United States",US,Kansas,US-KS,KS,"Dodge City",1,KDDC,DDC,DDC,,https://en.wikipedia.org/wiki/Dodge_City_Regional_Airport,,750,2008-06-13T14:30:04+00:00
19898,KFSK,small_airport,"Fort Scott Municipal Airport",37.7984008789,-94.7694015503,918,NA,"United States",US,Kansas,US-KS,KS,"Fort Scott",0,KFSK,FSK,FSK,http://www.fscity.org/index.php?option=com_content&view=article&id=98&Itemid=195,https://en.wikipedia.org/wiki/Fort_Scott_Municipal_Airport,,50,2014-09-26T21:12:58+00:00
19925,KGBD,small_airport,"Great Bend Municipal Airport",38.3442993164,-98.8591995239,1887,NA,"United States",US,Kansas,US-KS,KS,"Great Bend",0,KGBD,GBD,GBD,,,,50,2013-01-12T17:41:11+00:00
18648,K34,small_airport,"Gardner Municipal Airport",38.80690002441406,-94.9561996459961,1042,NA,"United States",US,Kansas,US-KS,KS,Gardner,0,K34,,K34,,https://en.wikipedia.org/wiki/Gardner_Municipal_Airport_(Kansas),,50,2008-06-13T14:30:04+00:00
20156,KIDP,small_airport,"Independence Municipal Airport",37.1584014893,-95.77839660640001,825,NA,"United States",US,Kansas,US-KS,KS,Independence,0,KIDP,IDP,IDP,,https://en.wikipedia.org/wiki/Independence_Municipal_Airport_(Kansas),,50,2013-07-18T20:28:19+00:00
19784,KEWK,small_airport,"Newton City-County Airport",38.058200836199994,-97.2744979858,1533,NA,"United States",US,Kansas,US-KS,KS,Newton,0,KEWK,EWK,EWK,http://www.newtonkansas.com/index.aspx?page=40,https://en.wikipedia.org/wiki/Newton_City/County_Airport,,50,2012-08-17T08:36:42+00:00
20878,KPTS,small_airport,"Atkinson Municipal Airport",37.449501037597656,-94.7311019897461,950,NA,"United States",US,Kansas,US-KS,KS,Pittsburg,0,KPTS,,PTS,,,,50,2008-06-13T14:30:04+00:00
19527,KCNU,medium_airport,"Chanute Martin Johnson Airport",37.668173,-95.486727,1002,NA,"United States",US,Kansas,US-KS,KS,Chanute,0,KCNU,CNU,CNU,http://www.chanute.org/index.aspx?NID=65,https://en.wikipedia.org/wiki/Chanute_Martin_Johnson_Airport,,250,2021-10-15T16:59:51+00:00
18671,K3AU,small_airport,"Augusta Municipal Airport",37.671600341796875,-97.0779037475586,1328,NA,"United States",US,Kansas,US-KS,KS,Augusta,0,K3AU,,3AU,,,,50,2008-06-13T14:30:04+00:00
19766,KEQA,small_airport,"Captain Jack Thomas El Dorado Airport",37.7741012573,-96.81759643550001,1378,NA,"United States",US,Kansas,US-KS,KS,"El Dorado",0,KEQA,EDK,EQA,http://www.eldoks.com/Airport%20Cover.html,https://en.wikipedia.org/wiki/Captain_Jack_Thomas/El_Dorado_Airport,,50,2014-09-07T13:09:32+00:00
21377,KWLD,small_airport,"Strother Field",37.168598,-97.037598,1160,NA,"United States",US,Kansas,US-KS,KS,"Winfield / Arkansas City",0,KWLD,WLD,WLD,,https://en.wikipedia.org/wiki/Strother_Field,,50,2021-02-18T18:04:21+00:00
3601,KIAB,medium_airport,"McConnell Air Force Base",37.621899,-97.268204,1371,NA,"United States",US,Kansas,US-KS,KS,Wichita,0,KIAB,IAB,IAB,http://public.mcconnell.amc.af.mil/,https://en.wikipedia.org/wiki/McConnell_Air_Force_Base,"22nd Air Refueling Wing, 931st Air Refueling Group, 184th Intelligence Wing",599,2022-11-02T13:56:35+00:00
24586,SN07,small_airport,"Beaumont Hotel Airport",37.659198760986,-96.527198791504,1617,NA,"United States",US,Kansas,US-KS,KS,Beaumont,0,07S,,07S,,,SN07,50,2015-06-04T00:31:13+00:00
19487,KCFV,small_airport,"Coffeyville Municipal Airport",37.09400177,-95.5718994141,754,NA,"United States",US,Kansas,US-KS,KS,Coffeyville,0,KCFV,CFV,CFV,http://www.coffeyville.com/index.aspx?nid=67,https://en.wikipedia.org/wiki/Coffeyville_Municipal_Airport,,50,2014-07-14T01:41:41+00:00
20258,KK59,small_airport,"Amelia Earhart Airport",39.570499,-95.180298,1073,NA,"United States",US,Kansas,US-KS,KS,Atchison,0,,,K59,,,,50,2022-10-28T06:07:23+00:00
20060,KHLC,small_airport,"Hill City Municipal Airport",39.37879944,-99.83149719,2238,NA,"United States",US,Kansas,US-KS,KS,"Hill City",0,KHLC,HLC,HLC,,https://en.wikipedia.org/wiki/Hill_City_Municipal_Airport,,50,2014-11-16T04:20:17+00:00
19363,KBEC,small_airport,"Beech Factory Airport",37.694499969499994,-97.21499633790002,1408,NA,"United States",US,Kansas,US-KS,KS,Wichita,0,KBEC,BEC,BEC,,https://en.wikipedia.org/wiki/Beech_Factory_Airport,,50,2012-06-29T15:13:31+00:00
18968,K68,small_airport,"Garnett Municipal Airport",38.27717,-95.215287,989,NA,"United States",US,Kansas,US-KS,KS,Garnett,0,KK68,,K68,,,,50,2022-08-07T16:20:08+00:00
19737,KEGT,small_airport,"Wellington Municipal Airport",37.32360076904297,-97.38829803466797,1277,NA,"United States",US,Kansas,US-KS,KS,Wellington,0,KEGT,,EGT,,,,50,2008-06-13T14:30:04+00:00
20962,KRSL,medium_airport,"Russell Municipal Airport",38.872100830078,-98.811798095703,1862,NA,"United States",US,Kansas,US-KS,KS,Russell,0,KRSL,RSL,RSL,http://www.russellcity.org/airport.php,,,250,2015-05-16T09:23:59+00:00
18956,K64,small_airport,"Vinland Valley Aerodrome",38.837501525878906,-95.18219757080078,890,NA,"United States",US,Kansas,US-KS,KS,"Baldwin City",0,K64,,K64,,,,50,2008-06-13T14:30:04+00:00
20076,KHQG,small_airport,"Hugoton Municipal Airport",37.1631012,-101.3710022,3134,NA,"United States",US,Kansas,US-KS,KS,Hugoton,0,KHQG,,HQG,,,,50,2010-01-23T11:29:03+00:00
20269,KK88,small_airport,"Allen County Airport",37.87009811401367,-95.38639831542969,1015,NA,"United States",US,Kansas,US-KS,KS,Iola,0,KK88,,K88,,,,50,2008-06-13T14:30:04+00:00
20550,KMPR,small_airport,"Mc Pherson Airport",38.35240173,-97.69129944,1498,NA,"United States",US,Kansas,US-KS,KS,"Mc Pherson",0,KMPR,,MPR,,,,50,2010-01-23T11:29:17+00:00
20859,KPPF,small_airport,"Tri-City Airport",37.32989883,-95.5062027,900,NA,"United States",US,Kansas,US-KS,KS,Parsons,0,KPPF,PPF,PPF,http://www.parsonsks.com/index.aspx?NID=249,https://en.wikipedia.org/wiki/Tri-City_Airport_(Kansas),"Cherryvale AAFAF #9",50,2016-01-08T18:20:52+00:00
21219,KTQK,small_airport,"Scott City Municipal Airport",38.474300384521484,-100.88500213623047,2963,NA,"United States",US,Kansas,US-KS,KS,"Scott City",0,KTQK,,TQK,,,,50,2008-06-13T14:30:04+00:00
20264,K78,small_airport,"Abilene Municipal Airport",38.904099,-97.235901,1152,NA,"United States",US,Kansas,US-KS,KS,Abilene,0,,,K78,http://www.abilenecityhall.com/index.aspx?NID=379,https://en.wikipedia.org/wiki/Abilene_Municipal_Airport,,50,2020-08-19T14:56:16+00:00
19287,KANY,small_airport,"Anthony Municipal Airport",37.158501,-98.079597,1340,NA,"United States",US,Kansas,US-KS,KS,Anthony,0,KANY,ANY,ANY,,https://en.wikipedia.org/wiki/Anthony_Municipal_Airport,,50,2016-06-01T05:49:50+00:00
11873,51K,small_airport,"Cedar Air Park",38.931400299072266,-94.88500213623047,1020,NA,"United States",US,Kansas,US-KS,KS,Olathe,0,51K,,51K,,,,50,2008-06-13T14:30:04+00:00
20879,KPTT,small_airport,"Pratt Regional Airport",37.70159912,-98.74690247,1953,NA,"United States",US,Kansas,US-KS,KS,Pratt,0,KPTT,PTT,PTT,,https://en.wikipedia.org/wiki/Pratt_Regional_Airport,"Pratt Industrial Airport, Pratt AAF",50,2016-01-09T12:12:23+00:00
20267,KK82,small_airport,"Smith Center Municipal Airport",39.76110076904297,-98.79340362548828,1799,NA,"United States",US,Kansas,US-KS,KS,"Smith Center",0,KK82,,K82,,,,50,2008-06-13T14:30:04+00:00
18416,K13K,small_airport,"Eureka Municipal Airport",37.851600646972656,-96.29170227050781,1206,NA,"United States",US,Kansas,US-KS,KS,Eureka,0,K13K,,13K,,,,50,2008-06-13T14:30:04+00:00
3533,KFLV,small_airport,"Sherman Army Air Field",39.3683013916,-94.9147033691,772,NA,"United States",US,Kansas,US-KS,KS,"Fort Leavenworth",0,KFLV,FLV,FLV,http://www.lvks.org/department/division.php?structureid=141,https://en.wikipedia.org/wiki/Sherman_Army_Airfield,,50,2014-09-21T02:57:30+00:00
18710,K3JC,small_airport,"Freeman Field",39.044452,-96.844566,1101,NA,"United States",US,Kansas,US-KS,KS,"Junction City",0,K3JC,,3JC,,,,50,2021-02-09T09:56:00+00:00
24659,SN83,small_airport,"Highcrest Air Park",39.22719955444336,-94.95140075683594,1000,NA,"United States",US,Kansas,US-KS,KS,Lansing,0,SN83,,SN83,,,,50,2008-06-13T14:30:04+00:00
20592,KMYZ,small_airport,"Marysville Municipal Airport",39.85530090332031,-96.63059997558594,1283,NA,"United States",US,Kansas,US-KS,KS,Marysville,0,KMYZ,,MYZ,,,,50,2008-06-13T14:30:04+00:00
18882,K55K,small_airport,"Oxford Municipal Airport",37.268732,-97.093375,1189,NA,"United States",US,Kansas,US-KS,KS,Oxford,0,,,55K,,,,50,2021-02-20T12:41:46+00:00
18972,K69K,small_airport,"Wamego Municipal Airport",39.197200775146484,-96.25890350341797,966,NA,"United States",US,Kansas,US-KS,KS,Wamego,0,K69K,,69K,,,,50,2008-06-13T14:30:04+00:00
19581,KCYW,small_airport,"Clay Center Municipal Airport",39.3871,-97.157204,1208,NA,"United States",US,Kansas,US-KS,KS,"Clay Center",0,KCYW,,CYW,,https://en.wikipedia.org/wiki/Clay_Center_Municipal_Airport,,50,2016-09-29T16:26:45+00:00
19524,KCNK,small_airport,"Blosser Municipal Airport",39.549301147499996,-97.6522979736,1486,NA,"United States",US,Kansas,US-KS,KS,Concordia,0,KCNK,CNK,CNK,,https://en.wikipedia.org/wiki/Blosser_Municipal_Airport,,50,2014-07-31T10:50:32+00:00
18863,K50,small_airport,"Cook Airfield",37.565399,-97.174587,1345,NA,"United States",US,Kansas,US-KS,KS,Derby,0,KK50,,K50,,,,50,2022-11-02T13:58:25+00:00
19134,K8K2,small_airport,"Harper Municipal Airport",37.278319,-98.043243,1427,NA,"United States",US,Kansas,US-KS,KS,Harper,0,K8K2,,8K2,,,,50,2022-03-18T03:17:06+00:00
19106,K87,small_airport,"Hiawatha Municipal Airport",39.87919998168945,-95.52529907226562,1130,NA,"United States",US,Kansas,US-KS,KS,Hiawatha,0,K87,,K87,,,,50,2008-06-13T14:30:04+00:00
20370,KLQR,small_airport,"Larned Pawnee County Airport",38.20859909,-99.08599854,2012,NA,"United States",US,Kansas,US-KS,KS,Larned,0,KLQR,,LQR,,,,50,2010-01-23T11:29:13+00:00
20492,KMEJ,small_airport,"Meade Municipal Airport",37.27690124511719,-100.35600280761719,2529,NA,"United States",US,Kansas,US-KS,KS,Meade,0,KMEJ,,MEJ,,,,50,2008-06-13T14:30:04+00:00
18787,K47K,small_airport,"Moundridge Municipal Airport",38.20909881591797,-97.50270080566406,1489,NA,"United States",US,Kansas,US-KS,KS,Moundridge,0,K47K,,47K,,,,50,2008-06-13T14:30:04+00:00
18599,K2K7,small_airport,"Neodesha Municipal Airport",37.43539810180664,-95.64610290527344,841,NA,"United States",US,Kansas,US-KS,KS,Neodesha,0,K2K7,,2K7,,,,50,2008-06-13T14:30:04+00:00
20268,KK83,small_airport,"Sabetha Municipal Airport",39.90420150756836,-95.77940368652344,1330,NA,"United States",US,Kansas,US-KS,KS,Sabetha,0,KK83,,K83,,,,50,2008-06-13T14:30:04+00:00
21128,KSYF,small_airport,"Cheyenne County Municipal Airport",39.76110077,-101.7959976,3413,NA,"United States",US,Kansas,US-KS,KS,"St Francis",0,KSYF,,SYF,,https://en.wikipedia.org/wiki/Cheyenne_County_Municipal_Airport,,50,2010-01-23T11:29:28+00:00
18442,K19S,small_airport,"Sublette Municipal Airport",37.497018,-100.834343,2908,NA,"United States",US,Kansas,US-KS,KS,Sublette,0,,,19S,,https://en.wikipedia.org/wiki/Sublette_Municipal_Airport,"65K, Sublette Flying Club",50,2019-11-30T15:36:59+00:00
18909,5K2,small_airport,"Tribune Municipal Airport",38.454200744628906,-101.74600219726562,3620,NA,"United States",US,Kansas,US-KS,KS,Tribune,0,5K2,,5K2,,,,50,2008-06-13T14:30:04+00:00
14981,8K5,small_airport,"Yates Center Airport",37.85300064086914,-95.74729919433594,1140,NA,"United States",US,Kansas,US-KS,KS,"Yates Center",0,8K5,,8K5,,,,50,2008-06-13T14:30:04+00:00
3540,KFRI,medium_airport,"Marshall Army Air Field",39.053021,-96.764202,1065,NA,"United States",US,Kansas,US-KS,KS,"Fort Riley (Junction City)",0,KFRI,FRI,FRI,,https://en.wikipedia.org/wiki/Marshall_Army_Airfield,,250,2021-02-09T09:56:42+00:00
20257,KK58,small_airport,"Harold Krier Field",37.16669845581055,-99.77510070800781,1951,NA,"United States",US,Kansas,US-KS,KS,Ashland,0,KK58,,K58,,,,50,2008-06-13T14:30:04+00:00
6598,01K,small_airport,"Caldwell Municipal Airport",37.03609848022461,-97.5864028930664,1157,NA,"United States",US,Kansas,US-KS,KS,Caldwell,0,01K,,01K,,,,50,2008-06-13T14:30:04+00:00
24611,SN34,small_airport,"Rucker Airport",37.57500076293945,-97.49199676513672,1300,NA,"United States",US,Kansas,US-KS,KS,Clearwater,0,SN34,,SN34,,,,50,2008-06-13T14:30:04+00:00
24584,SN04,small_airport,"Roberts Memorial Airport",38.423099517822266,-96.37190246582031,1185,NA,"United States",US,Kansas,US-KS,KS,Emporia,0,SN04,,SN04,,,,50,2008-06-13T14:30:04+00:00
18481,K1K7,small_airport,"Fredonia Airport",37.580518,-95.837184,880,NA,"United States",US,Kansas,US-KS,KS,Fredonia,0,K1K7,,1K7,,,,50,2022-10-28T13:31:50+00:00
20082,KHRU,small_airport,"Herington Regional Airport",38.694698333740234,-96.80799865722656,1480,NA,"United States",US,Kansas,US-KS,KS,Herington,0,KHRU,,HRU,,https://en.wikipedia.org/wiki/Herington_Regional_Airport,,50,2008-06-13T14:30:04+00:00
11961,53KS,small_airport,"Weaver Ranch Airport",38.108299255371094,-97.43280029296875,1460,NA,"United States",US,Kansas,US-KS,KS,Hesston,0,53KS,,53KS,,,,50,2008-06-13T14:30:04+00:00
19155,K91,small_airport,"Horton Municipal Airport",39.67919921875,-95.53359985351562,1134,NA,"United States",US,Kansas,US-KS,KS,Horton,0,K91,,K91,,,,50,2008-06-13T14:30:04+00:00
24653,SN76,small_airport,"Sunflower Aerodrome",37.926399231,-97.9061965942,1582,NA,"United States",US,Kansas,US-KS,KS,Hutchinson,0,SN76,,SN76,,,"Glider, NAS Hutchinson",50,2015-02-04T13:19:56+00:00
340537,US-3027,small_airport,"Walz Airport",37.045164,-98.570181,1387,NA,"United States",US,Kansas,US-KS,KS,Kiowa,0,,,4KS,,,,50,2021-02-01T22:21:48+00:00
18713,K3K7,small_airport,"Mark Hoard Memorial Airport",38.457001,-101.352997,3303,NA,"United States",US,Kansas,US-KS,KS,Leoti,0,,,3K7,,,,50,2020-07-21T17:20:35+00:00
10331,39K,small_airport,"Pomona Lake Airport",38.692001,-95.690002,1050,NA,"United States",US,Kansas,US-KS,KS,Lyndon,0,K39K,,39K,,,,50,2022-01-21T23:16:44+00:00
20400,KLYO,small_airport,"Lyons-Rice County Municipal Airport",38.34280014,-98.22689819,1691,NA,"United States",US,Kansas,US-KS,KS,Lyons,0,KLYO,LYO,LYO,http://www.lyonsks.org/index.aspx?nid=915,,,50,2015-02-13T13:34:47+00:00
21199,KTKO,small_airport,"Mankato Airport",39.802799224853516,-98.22119903564453,1859,NA,"United States",US,Kansas,US-KS,KS,Mankato,0,KTKO,,TKO,,,,50,2008-06-13T14:30:04+00:00
11037,43K,small_airport,"Marion Municipal Airport",38.337501525878906,-96.99169921875,1390,NA,"United States",US,Kansas,US-KS,KS,Marion,0,43K,,43K,,,,50,2008-06-13T14:30:04+00:00
12440,5KS9,closed,"Black Airport",39.825802,-101.362999,3345,NA,"United States",US,Kansas,US-KS,KS,McDonald,0,,,,,,5KS9,50,2022-01-08T11:20:31+00:00
18793,K48K,small_airport,"Ness City Municipal Airport",38.471099853515625,-99.90809631347656,2308,NA,"United States",US,Kansas,US-KS,KS,"Ness City",0,K48K,,48K,,,,50,2008-06-13T14:30:04+00:00
20653,KNRN,small_airport,"Norton Municipal Airport",39.850399017333984,-99.89469909667969,2383,NA,"United States",US,Kansas,US-KS,KS,Norton,0,KNRN,,NRN,,,,50,2008-06-13T14:30:04+00:00
11288,49K,small_airport,"Norwich Airport",37.45560073852539,-97.83370208740234,1494,NA,"United States",US,Kansas,US-KS,KS,Norwich,0,49K,,49K,,,,50,2008-06-13T14:30:04+00:00
20720,KOEL,small_airport,"Oakley Municipal Airport",39.109901428222656,-100.81600189208984,3045,NA,"United States",US,Kansas,US-KS,KS,Oakley,0,KOEL,,OEL,,,,50,2008-06-13T14:30:04+00:00
20729,KOIN,small_airport,"Oberlin Municipal Airport",39.833900451660156,-100.53900146484375,2703,NA,"United States",US,Kansas,US-KS,KS,Oberlin,0,KOIN,,OIN,,,,50,2008-06-13T14:30:04+00:00
11960,53K,small_airport,"Osage City Municipal Airport",38.633534,-95.801848,1105,NA,"United States",US,Kansas,US-KS,KS,"Osage City",0,K53K,,53K,,,,50,2022-01-26T17:48:28+00:00
18964,K67,small_airport,"Oswego Municipal Airport",37.1598014831543,-95.0425033569336,830,NA,"United States",US,Kansas,US-KS,KS,Oswego,0,K67,,K67,,,,50,2008-06-13T14:30:04+00:00
20827,KPHG,small_airport,"Phillipsburg Municipal Airport",39.735801696777344,-99.31710052490234,1907,NA,"United States",US,Kansas,US-KS,KS,Phillipsburg,0,KPHG,,PHG,,,,50,2008-06-13T14:30:04+00:00
12821,61K,small_airport,"Sedan City Airport",37.148399353027344,-96.185302734375,1005,NA,"United States",US,Kansas,US-KS,KS,Sedan,0,61K,,61K,,,,50,2008-06-13T14:30:04+00:00
6656,02KS,small_airport,"Jmj Landing Airport",39.222198486328125,-96.0552978515625,1170,NA,"United States",US,Kansas,US-KS,KS,"St Marys",0,02KS,,02KS,,,,50,2008-06-13T14:30:04+00:00
8389,1KS5,closed,"Keyser Airport",39.162498,-96.096397,950,NA,"United States",US,Kansas,US-KS,KS,"St Marys",0,,,,,,1KS5,50,2021-07-23T16:40:39+00:00
14980,8K4,closed,"St Mary's Airpark",39.272499,-96.061402,1220,NA,"United States",US,Kansas,US-KS,KS,"St. Mary's",0,,,,,,8K4,50,2017-02-03T17:19:17+00:00
45420,91KS,small_airport,"St. Joseph'S Landing",39.243803,-96.033039,1136,NA,"United States",US,Kansas,US-KS,KS,"St. Mary'S",0,91KS,,91KS,,,,50,2009-12-06T18:30:27+00:00
8097,18KS,small_airport,"Cherokee Strip",37.372435,-97.108223,1270,NA,"United States",US,Kansas,US-KS,KS,Udall,0,18KS,,18KS,,,,50,2021-02-18T18:07:02+00:00
332502,3KS9,small_airport,"Tri Rotor Airport",37.726869,-101.195288,3091,NA,"United States",US,Kansas,US-KS,KS,Ulysses,0,3KS9,,3KS9,,,,50,2019-10-19T17:58:10+00:00
10543,3KS5,small_airport,"High Point Airport",37.8427155871,-97.3514413834,1395,NA,"United States",US,Kansas,US-KS,KS,"Valley Center",0,3KS5,,3KS5,,,,50,2012-11-26T13:09:24+00:00
13688,71K,small_airport,"Westport Airport",37.647499084472656,-97.3844985961914,1290,NA,"United States",US,Kansas,US-KS,KS,Wichita,0,71K,,71K,,,,50,2008-06-13T14:30:04+00:00
13724,72K,small_airport,"Westport Auxiliary Airport",37.60419845581055,-97.35890197753906,1270,NA,"United States",US,Kansas,US-KS,KS,Wichita,0,72K,,72K,,,,50,2008-06-13T14:30:04+00:00
19477,KCEA,small_airport,"Cessna Aircraft Field",37.648601532,-97.2506027222,1378,NA,"United States",US,Kansas,US-KS,KS,Wichita,0,KCEA,CEA,CEA,,https://en.wikipedia.org/wiki/Cessna_Aircraft_Field,,50,2014-07-13T12:30:31+00:00
20246,KK32,small_airport,"Riverside Airport",37.74810028076172,-97.40670013427734,1335,NA,"United States",US,Kansas,US-KS,KS,Wichita,0,KK32,,K32,,,,50,2008-06-13T14:30:04+00:00
12432,5KS0,balloonport,"Anthony Balloonport",37.094501,-97.961403,1250,NA,"United States",US,Kansas,US-KS,KS,Anthony,0,5KS0,,5KS0,,,,25,2020-12-18T18:10:43+00:00
24593,SN14,closed,"Schoolcraft Airport",38.416698,-95.516899,1165,NA,"United States",US,Kansas,US-KS,KS,Agricola,0,,,,,,SN14,50,2017-07-22T16:35:32+00:00
10546,3KS8,small_airport,"Reed-Wilsonton Airport",37.256500244140625,-95.33360290527344,920,NA,"United States",US,Kansas,US-KS,KS,Altamont,0,3KS8,,3KS8,,,,50,2008-06-13T14:30:04+00:00
7824,13KS,small_airport,"Daniel's Landing Airport",37.69779968261719,-97.11029815673828,1325,NA,"United States",US,Kansas,US-KS,KS,Andover,0,13KS,,13KS,,,,50,2008-06-13T14:30:04+00:00
14171,7K6,closed,"Wilcox Field",37.083401,-97.964203,1263,NA,"United States",US,Kansas,US-KS,KS,Anthony,0,,,,,,7K6,50,2020-02-10T22:51:25+00:00
9487,2K8,small_airport,"Argonia Municipal Airport",37.275297,-97.758739,1275,NA,"United States",US,Kansas,US-KS,KS,Argonia,0,K2K8,,2K8,,,,50,2022-03-18T03:15:38+00:00
9922,30KS,closed,"Tyler Airport",37.132301,-97.073402,1200,NA,"United States",US,Kansas,US-KS,KS,"Arkansas City",0,,,,,,30KS,50,2017-02-10T04:58:48+00:00
345504,3KS2,small_airport,"Munson Field",37.060567,-96.998479,1166,NA,"United States",US,Kansas,US-KS,KS,"Arkansas City",0,3KS2,,3KS2,,,,50,2021-06-18T14:47:57+00:00
14176,7KS3,small_airport,"Youvan Airport",37.52920150756836,-94.69609832763672,1000,NA,"United States",US,Kansas,US-KS,KS,Arma,0,7KS3,,7KS3,,,,50,2008-06-13T14:30:04+00:00
24595,SN17,closed,"Shupe Airport",37.071999,-99.605103,1769,NA,"United States",US,Kansas,US-KS,KS,Ashland,0,,,,,,SN17,50,2018-12-29T19:03:22+00:00
19238,KADT,small_airport,"Atwood-Rawlins City-County Airport",39.840099,-101.042,2991,NA,"United States",US,Kansas,US-KS,KS,Atwood,0,KADT,,ADT,,https://en.wikipedia.org/wiki/Atwood–Rawlins_County_City–County_Airport,,50,2020-12-14T21:49:51+00:00
6933,07KS,small_airport,"Heape Field",37.73419952392578,-96.93669891357422,1321,NA,"United States",US,Kansas,US-KS,KS,Augusta,0,07KS,,07KS,,,,50,2008-06-13T14:30:04+00:00
8793,20KS,closed,"Airpark Estates Airport",37.675657,-96.885781,1340,NA,"United States",US,Kansas,US-KS,KS,Augusta,0,,,,,,20KS,50,2022-10-26T10:07:13+00:00
24596,SN18,small_airport,"Sills Air Park",37.66669845581055,-97.01699829101562,1295,NA,"United States",US,Kansas,US-KS,KS,Augusta,0,SN18,,SN18,,,,50,2008-06-13T14:30:04+00:00
24597,SN19,closed,"Flying H Ranch Airport",37.625,-97.096199,1400,NA,"United States",US,Kansas,US-KS,KS,Augusta,0,,,,,,SN19,50,2017-02-10T19:38:02+00:00
24598,SN20,small_airport,"Brady-Pippin Airport",37.71950149536133,-97.04889678955078,1300,NA,"United States",US,Kansas,US-KS,KS,Augusta,0,SN20,,SN20,,,,50,2008-06-13T14:30:04+00:00
322874,US-0530,small_airport,"Riverbend Ranch Airport",37.647486,-96.841453,1272,NA,"United States",US,Kansas,US-KS,KS,Augusta,0,77KS,,77KS,,,,50,2017-04-28T20:24:22+00:00
347716,US-5175,small_airport,"Hunninghake Aerial Airport",39.830583,-96.164858,1287,NA,"United States",US,Kansas,US-KS,KS,Baileyville,0,3KS1,,3KS1,,,,50,2021-09-18T18:34:54+00:00
11203,47KS,small_airport,"Maxwell Airport",38.770599365234375,-95.27439880371094,1011,NA,"United States",US,Kansas,US-KS,KS,"Baldwin City",0,47KS,,47KS,,,,50,2008-06-13T14:30:04+00:00
24599,SN21,small_airport,"Flory /Private/ Airport",38.8227996826,-95.2878036499,1100,NA,"United States",US,Kansas,US-KS,KS,"Baldwin City",0,SN21,,SN21,,,,50,2009-12-08T05:21:22+00:00
14987,8KS1,small_airport,"Neu Field",39.17190170288086,-94.98079681396484,920,NA,"United States",US,Kansas,US-KS,KS,Basehor,0,8KS1,,8KS1,,,,50,2008-06-13T14:30:04+00:00
24600,SN22,small_airport,"Hoelting Airport",39.11220169067383,-94.95610046386719,960,NA,"United States",US,Kansas,US-KS,KS,Basehor,0,SN22,,SN22,,,,50,2008-06-13T14:30:04+00:00
13975,78KS,closed,"Walter A Swalley Airpark",37.020432,-94.799832,840,NA,"United States",US,Kansas,US-KS,KS,"Baxter Springs",0,,,,,,"78KS, 78KS, 78KS",50,2021-01-02T20:49:15+00:00
12213,59KS,closed,"Dunn Field",38.408401,-95.019095,1060,NA,"United States",US,Kansas,US-KS,KS,Beagle,0,,,,,,59KS,50,2017-02-12T22:34:23+00:00
24589,SN10,small_airport,"Belle Plaine Farms Airport",37.39580154418945,-97.20999908447266,1190,NA,"United States",US,Kansas,US-KS,KS,"Belle Plaine",0,SN10,,SN10,,,,50,2008-06-13T14:30:04+00:00
24609,SN32,small_airport,"Rands Airport",37.42639923095703,-97.26950073242188,1210,NA,"United States",US,Kansas,US-KS,KS,"Belle Plaine",0,SN32,,SN32,,,,50,2008-06-13T14:30:04+00:00
20952,KRPB,small_airport,"Belleville Municipal Airport",39.817901611328125,-97.65959930419922,1537,NA,"United States",US,Kansas,US-KS,KS,Belleville,0,KRPB,,RPB,,,,50,2008-06-13T14:30:04+00:00
20259,KK61,small_airport,"Moritz Memorial Airport",39.47119903564453,-98.12879943847656,1416,NA,"United States",US,Kansas,US-KS,KS,Beloit,0,KK61,,K61,,,,50,2008-06-13T14:30:04+00:00
6981,08KS,small_airport,"Alderson Airport",39.034698486328125,-97.58000183105469,1250,NA,"United States",US,Kansas,US-KS,KS,Bennington,0,08KS,,08KS,,,,50,2008-06-13T14:30:04+00:00
322887,US-0533,small_airport,"Arland Airport",38.968768,-97.602305,1352,NA,"United States",US,Kansas,US-KS,KS,Bennington,0,00AR,,00AR,,,,50,2017-04-29T10:29:37+00:00
24639,SN62,small_airport,"Roberts Field",37.87419891357422,-97.51249694824219,1384,NA,"United States",US,Kansas,US-KS,KS,Bentley,0,SN62,,SN62,,,,50,2008-06-13T14:30:04+00:00
24623,SN46,small_airport,"Taylor Airport",37.87189865112305,-97.07219696044922,1340,NA,"United States",US,Kansas,US-KS,KS,Benton,0,SN46,,SN46,,,,50,2008-06-13T14:30:04+00:00
332484,US-1149,small_airport,"Hillbillies Airport",39.027183,-97.959355,1336,NA,"United States",US,Kansas,US-KS,KS,Beverly,0,72KS,,72KS,,,,50,2019-10-17T17:45:50+00:00
24602,SN25,closed,"Lucas Airport",37.418598,-101.557999,3172,NA,"United States",US,Kansas,US-KS,KS,"Big Bow",0,,,,,,SN25,50,2020-02-12T22:03:51+00:00
11494,4KS8,small_airport,"Bursch Private Airport",39.592874,-101.5927,3650,NA,"United States",US,Kansas,US-KS,KS,"Bird City",0,4KS8,,4KS8,,,,50,2022-08-08T15:20:12+00:00
12424,5K0,small_airport,"Bressler Field",39.74250030517578,-101.55599975585938,3489,NA,"United States",US,Kansas,US-KS,KS,"Bird City",0,5K0,,5K0,,,,50,2008-06-13T14:30:04+00:00
24603,SN26,closed,"Horttor Airport",38.177799,-95.002998,970,NA,"United States",US,Kansas,US-KS,KS,"Blue Mound",0,,,,,,SN26,50,2022-08-08T12:14:51+00:00
8393,1KS9,small_airport,"Belleair Airport",39.045601,-94.948996,935,NA,"United States",US,Kansas,US-KS,KS,"Bonner Springs",0,1KS9,,1KS9,,,"Huff Airport",50,2018-11-18T22:19:55+00:00
8946,23KS,small_airport,"Ney Ultralight Flightpark",39.070121,-94.948987,963,NA,"United States",US,Kansas,US-KS,KS,"Bonner Springs",0,,,5KS9,,,"23KS, Ney Airport",50,2022-01-07T19:13:26+00:00
24604,SN27,closed,"Bovinair Airport",39.0625,-94.9447,920,NA,"United States",US,Kansas,US-KS,KS,"Bonner Springs",0,,,,,,SN27,50,2017-02-11T11:52:16+00:00
322892,03PR,small_airport,"Sun View Field Airport",39.065947,-94.921703,980,NA,"United States",US,Kansas,US-KS,KS,"Bonner Springs",0,03PR,,03PR,,,,50,2017-04-29T11:31:15+00:00
24605,SN28,closed,"Belcher Airport",38.870848,-97.942101,1420,NA,"United States",US,Kansas,US-KS,KS,Brookville,0,,,,,,SN28,50,2022-11-22T12:26:09+00:00
14979,8K0,small_airport,"Bucklin Airport",37.5458984375,-99.64179992675781,2418,NA,"United States",US,Kansas,US-KS,KS,Bucklin,0,8K0,,8K0,,,,50,2008-06-13T14:30:04+00:00
24655,SN78,small_airport,"Albright Airport",38.69810104370117,-94.71880340576172,1000,NA,"United States",US,Kansas,US-KS,KS,Bucyrus,0,SN78,,SN78,,,,50,2008-06-13T14:30:04+00:00
24606,SN29,small_airport,"Rucker Airport",38.1875,-99.533997,2151,NA,"United States",US,Kansas,US-KS,KS,Burdett,0,SN29,,SN29,,,"Rucker Burdett Airport",50,2020-02-22T12:41:24+00:00
24587,SN08,small_airport,"Fisher Airport",37.99169921875,-97.65640258789062,1430,NA,"United States",US,Kansas,US-KS,KS,Burrton,0,SN08,,SN08,,,,50,2008-06-13T14:30:04+00:00
352006,US-6388,small_airport,"Snoopys Airport",38.809576,-95.599171,1102,NA,"United States",US,Kansas,US-KS,KS,Carbondale,0,,,,,,,50,2022-01-27T17:20:20+00:00
14994,8KS8,small_airport,"Prairie Cottage Airport",38.91780090332031,-97.00779724121094,1222,NA,"United States",US,Kansas,US-KS,KS,Chapman,0,8KS8,,8KS8,,,,50,2008-06-13T14:30:04+00:00
7257,0KS7,small_airport,"Mono Aircraft Airport",37.69279861450195,-97.88639831542969,1450,NA,"United States",US,Kansas,US-KS,KS,Cheney,0,0KS7,,0KS7,,,,50,2008-06-13T14:30:04+00:00
24592,SN13,small_airport,"Albers Airport",37.65829849243164,-97.77449798583984,1380,NA,"United States",US,Kansas,US-KS,KS,Cheney,0,SN13,,SN13,,,,50,2008-06-13T14:30:04+00:00
13148,69KS,small_airport,"Chiles Airpark",38.669700622558594,-94.74250030517578,1050,NA,"United States",US,Kansas,US-KS,KS,Chiles,0,69KS,,69KS,,,,50,2008-06-13T14:30:04+00:00
14983,8K8,small_airport,"Cimarron Municipal Airport",37.83060073852539,-100.3499984741211,2752,NA,"United States",US,Kansas,US-KS,KS,Cimarron,0,8K8,,8K8,,,,50,2008-06-13T14:30:04+00:00
12907,63KS,closed,"5-D Ranch Airport",39.3283,-97.060898,1190,NA,"United States",US,Kansas,US-KS,KS,"Clay Center",0,,,,,,63KS,50,2017-02-05T14:02:53+00:00
24610,SN33,small_airport,"Callaway Airpark",39.43330001831055,-97.12110137939453,1275,NA,"United States",US,Kansas,US-KS,KS,"Clay Center",0,SN33,,SN33,,,,50,2008-06-13T14:30:04+00:00
19465,KCBK,small_airport,"Shalz Field",39.42750168,-101.0469971,3187,NA,"United States",US,Kansas,US-KS,KS,Colby,0,KCBK,CBK,CBK,,https://en.wikipedia.org/wiki/Colby_Municipal_Airport,"Colby Municipal Airport",50,2012-06-23T06:13:22+00:00
18714,K3K8,small_airport,"Comanche County Airport",37.22809982299805,-99.33090209960938,2085,NA,"United States",US,Kansas,US-KS,KS,Coldwater,0,K3K8,,3K8,,,,50,2008-06-13T14:30:04+00:00
24613,SN36,small_airport,"Wamsley Field",37.42639923095703,-97.63780212402344,1335,NA,"United States",US,Kansas,US-KS,KS,"Conway Springs",0,SN36,,SN36,,,,50,2008-06-13T14:30:04+00:00
15764,9K0,small_airport,"Chase County Airport",38.35860061645508,-96.55449676513672,1273,NA,"United States",US,Kansas,US-KS,KS,"Cottonwood Falls",0,9K0,,9K0,,,,50,2008-06-13T14:30:04+00:00
333964,62KS,small_airport,"Dexter Field",38.358632,-96.490988,1173,NA,"United States",US,Kansas,US-KS,KS,"Cottonwood Falls",0,62KS,,62KS,,,,50,2020-04-24T12:17:17+00:00
18951,K63,small_airport,"Council Grove Municipal Airport",38.67919921875,-96.57109832763672,1409,NA,"United States",US,Kansas,US-KS,KS,"Council Grove",0,K63,,K63,,,,50,2008-06-13T14:30:04+00:00
11490,4KS2,small_airport,"Ingels Aerodrome",39.01860046386719,-94.95439910888672,960,NA,"United States",US,Kansas,US-KS,KS,"De Soto",0,4KS2,,4KS2,,,,50,2008-06-13T14:30:04+00:00
24616,SN39,closed,"Baldock Farm Airport",39.25,-97.650299,1350,NA,"United States",US,Kansas,US-KS,KS,Delphos,0,,,,,,SN39,50,2020-10-08T15:42:25+00:00
6904,06SN,closed,"Beyer Farm Airport",37.581088,-97.2575,1340,NA,"United States",US,Kansas,US-KS,KS,Derby,0,,,,,,06SN,50,2022-11-02T17:06:27+00:00
8379,1K3,closed,"Hamilton Field",37.5606,-97.233704,1320,NA,"United States",US,Kansas,US-KS,KS,Derby,0,,,,,,1K3,50,2020-10-08T16:16:46+00:00
10141,35KS,closed,"Blue Sky Ranch and Aerodrome",37.5336,-97.311697,1250,NA,"United States",US,Kansas,US-KS,KS,Derby,0,,,,,,"35KS, Selby Farm Airport",50,2017-03-12T16:55:25+00:00
11079,44KS,small_airport,"Vankirk Airport",37.610298,-97.162498,1350,NA,"United States",US,Kansas,US-KS,KS,Derby,0,44KS,,44KS,,,,50,2022-11-02T13:57:55+00:00
24617,SN40,small_airport,"Olson Aerodrome",37.523537,-97.202096,1325,NA,"United States",US,Kansas,US-KS,KS,Derby,0,SN40,,SN40,,,,50,2022-11-02T13:58:49+00:00
18958,K65,small_airport,"Dighton Airport",38.48970031738281,-100.4800033569336,2778,NA,"United States",US,Kansas,US-KS,KS,Dighton,0,K65,,K65,,,,50,2008-06-13T14:30:04+00:00
348558,US-5473,small_airport,"Dittemore Field",39.777744,-95.142261,1153,NA,"United States",US,Kansas,US-KS,KS,"Dittemore Field",0,5KS2,,5KS2,,,,50,2021-10-10T21:42:25+00:00
15765,9K1,small_airport,"Wilroads Gardens Airport",37.722801208496094,-99.92620086669922,2440,NA,"United States",US,Kansas,US-KS,KS,"Dodge City",0,9K1,,9K1,,,,50,2008-06-13T14:30:04+00:00
334323,US-1280,small_airport,"Mahoney Farm Airport",38.849622,-98.668278,1836,NA,"United States",US,Kansas,US-KS,KS,Dorrance,0,2KS4,,2KS4,,,,50,2020-06-04T23:21:20+00:00
7259,0KS9,small_airport,"Lmn 120 Airport",37.515899658203125,-96.9197998046875,1330,NA,"United States",US,Kansas,US-KS,KS,Douglas,0,0KS9,,0KS9,,,,50,2008-06-13T14:30:04+00:00
12778,60KS,small_airport,"Alley Field",37.51390075683594,-97.00029754638672,1260,NA,"United States",US,Kansas,US-KS,KS,Douglass,0,60KS,,60KS,,,,50,2008-06-13T14:30:04+00:00
24629,SN52,small_airport,"Pilot Pointe Estates Airport",37.48139954,-97.01200104,1237,NA,"United States",US,Kansas,US-KS,KS,Douglass,0,SN52,,SN52,,,,50,2010-01-23T11:29:43+00:00
332507,70KS,small_airport,"Bannon Field",37.581772,-96.94602,1218,NA,"United States",US,Kansas,US-KS,KS,Douglass,0,70KS,,70KS,,,,50,2019-10-19T23:23:04+00:00
12993,65KS,small_airport,"Griffith Field",39.507833,-98.586167,1500,NA,"United States",US,Kansas,US-KS,KS,Downs,0,65KS,,65KS,,,,50,2009-12-26T09:41:59+00:00
24628,SN51,closed,"Meitl Airport",39.589699,-100.428001,2725,NA,"United States",US,Kansas,US-KS,KS,Dresden,0,,,,,,SN51,50,2019-08-25T10:58:18+00:00
8386,1KS2,small_airport,"Risky Airport",39.31399917602539,-95.07160186767578,1133,NA,"United States",US,Kansas,US-KS,KS,Easton,0,1KS2,,1KS2,,,,50,2008-06-13T14:30:04+00:00
24620,SN43,closed,"Strafuss Airport",39.5042,-95.4711,1050,NA,"United States",US,Kansas,US-KS,KS,Effingham,0,,,,,,SN43,50,2022-10-27T16:43:29+00:00
15768,9K6,small_airport,"Patty Field",37.80039978027344,-96.79900360107422,1385,NA,"United States",US,Kansas,US-KS,KS,"El Dorado",0,9K6,,9K6,,,,50,2008-06-13T14:30:04+00:00
24635,SN58,small_airport,"Foster Field",37.869998931884766,-96.64669799804688,1440,NA,"United States",US,Kansas,US-KS,KS,"El Dorado",0,SN58,,SN58,,,,50,2008-06-13T14:30:04+00:00
6825,05KS,small_airport,"Darbro Field",37.26620101928711,-95.95919799804688,945,NA,"United States",US,Kansas,US-KS,KS,"Elk City",0,05KS,,05KS,,,,50,2008-06-13T14:30:04+00:00
24621,SN44,small_airport,"Bob Faler Airport",37.30009841918945,-95.90029907226562,850,NA,"United States",US,Kansas,US-KS,KS,"Elk City",0,SN44,,SN44,,,,50,2008-06-13T14:30:04+00:00
19739,KEHA,small_airport,"Elkhart Morton County Airport",37.000702,-101.879997,3622,NA,"United States",US,Kansas,US-KS,KS,Elkhart,0,KEHA,,EHA,,https://en.wikipedia.org/wiki/Elkhart%E2%80%93Morton_County_Airport,,50,2016-09-29T16:28:37+00:00
8381,1K6,small_airport,"Ellinwood Municipal Airport",38.37329864501953,-98.59510040283203,1797,NA,"United States",US,Kansas,US-KS,KS,Ellinwood,0,1K6,,1K6,,,,50,2008-06-13T14:30:04+00:00
19193,K9K7,small_airport,"Ellsworth Municipal Airport",38.75040054321289,-98.22930145263672,1615,NA,"United States",US,Kansas,US-KS,KS,Ellsworth,0,K9K7,,9K7,,,,50,2008-06-13T14:30:04+00:00
24614,SN37,small_airport,"Harold K. Wells Airport",38.387001037597656,-96.72969818115234,1100,NA,"United States",US,Kansas,US-KS,KS,Elmdale,0,SN37,,SN37,,,,50,2008-06-13T14:30:04+00:00
11874,51KS,small_airport,"Barnard Airport",38.637001037597656,-97.2136001586914,1420,NA,"United States",US,Kansas,US-KS,KS,Elmo,0,51KS,,51KS,,,,50,2008-06-13T14:30:04+00:00
345655,57KS,small_airport,"Get Away Runway",39.315047,-95.993467,1135,NA,"United States",US,Kansas,US-KS,KS,Emmett,0,57KS,,57KS,,,,50,2021-06-24T02:18:30+00:00
7941,15KS,small_airport,"Sickler Airstrip",38.430599212646484,-96.08830261230469,1200,NA,"United States",US,Kansas,US-KS,KS,Emporia,0,15KS,,15KS,,,,50,2008-06-13T14:30:04+00:00
13332,6KS8,closed,"Mary's Place Airport",38.383598,-96.146103,1138,NA,"United States",US,Kansas,US-KS,KS,Emporia,0,,,,,,6KS8,50,2017-03-15T16:18:10+00:00
8388,1KS4,small_airport,"Prichard Airstrip",38.900001525878906,-97.11699676513672,1164,NA,"United States",US,Kansas,US-KS,KS,Enterprise,0,1KS4,,1KS4,,,,50,2008-06-13T14:30:04+00:00
324806,US-0629,small_airport,"Squadron Field",37.4611,-95.242088,947,NA,"United States",US,Kansas,US-KS,KS,Erie,0,,,11K,,,11KS,50,2021-08-07T15:33:50+00:00
11918,52KS,small_airport,"Bland Airport",38.902801513671875,-95.1322021484375,935,NA,"United States",US,Kansas,US-KS,KS,Eudora,0,52KS,,52KS,,,,50,2008-06-13T14:30:04+00:00
352248,US-6416,small_airport,"Goans Field",37.807278,-94.740903,840,NA,"United States",US,Kansas,US-KS,KS,"Fort Scott",0,5KS4,,5KS4,,,,50,2022-02-02T15:09:41+00:00
8096,18K,small_airport,"Fowler Airport",37.38420104980469,-100.18599700927734,2483,NA,"United States",US,Kansas,US-KS,KS,Fowler,0,18K,,18K,,,,50,2008-06-13T14:30:04+00:00
24630,SN53,small_airport,"Bonner Field",37.43339920043945,-95.91690063476562,950,NA,"United States",US,Kansas,US-KS,KS,Fredonia,0,SN53,,SN53,,,,50,2008-06-13T14:30:04+00:00
24632,SN55,small_airport,"R J C Farms Inc Airport",38.215301513671875,-101.00299835205078,2900,NA,"United States",US,Kansas,US-KS,KS,Friend,0,SN55,,SN55,,,,50,2008-06-13T14:30:04+00:00
10188,36KS,small_airport,"White Farms Airport",37.4748,-95.343597,1000,NA,"United States",US,Kansas,US-KS,KS,Galesburg,0,36KS,,36KS,,,,50,2022-03-17T21:04:06+00:00
331662,US-0932,small_airport,"Koafm Airport",37.525247,-95.374108,1022,NA,"United States",US,Kansas,US-KS,KS,Galesburg,0,45KS,,45KS,,,,50,2019-07-14T10:06:04+00:00
351193,US-6322,small_airport,"Farris Airport",37.94259,-100.77788,2876,NA,"United States",US,Kansas,US-KS,KS,"Garden City",0,,,,,,,50,2022-01-03T18:19:54+00:00
6542,00KS,small_airport,"Hayden Farm Airport",38.72779846191406,-94.93049621582031,1100,NA,"United States",US,Kansas,US-KS,KS,Gardner,0,00KS,,00KS,,,,50,2008-06-13T14:30:04+00:00
24636,SN59,small_airport,"Hermon Farm Airport",38.85279846191406,-94.91000366210938,1060,NA,"United States",US,Kansas,US-KS,KS,Gardner,0,SN59,,SN59,,,,50,2008-06-13T14:30:04+00:00
15774,9KS5,closed,"Rush Field",38.577801,-98.100304,1675,NA,"United States",US,Kansas,US-KS,KS,Geneseo,0,,,,,,9KS5,50,2017-03-16T17:23:44+00:00
24618,SN41,small_airport,"Ziggy Carline Airport",37.50419998168945,-94.82669830322266,1300,NA,"United States",US,Kansas,US-KS,KS,Girard,0,SN41,,SN41,,,,50,2008-06-13T14:30:04+00:00
345601,96KS,small_airport,"Palmer Field",39.368598,-97.788116,1404,NA,"United States",US,Kansas,US-KS,KS,Glasco,0,96KS,,96KS,,,,50,2021-06-21T04:42:01+00:00
24638,SN61,small_airport,"Yoder Airpark",37.659698486328125,-97.62950134277344,1475,NA,"United States",US,Kansas,US-KS,KS,Goddard,0,SN61,,SN61,,,,50,2008-06-13T14:30:04+00:00
24641,SN64,small_airport,"Eck Field",37.69580078125,-97.53919982910156,1330,NA,"United States",US,Kansas,US-KS,KS,Goddard,0,SN64,,SN64,,,,50,2008-06-13T14:30:04+00:00
24642,SN65,small_airport,"Lake Waltanna Airport",37.5939,-97.615457,1440,NA,"United States",US,Kansas,US-KS,KS,Goddard,0,SN65,,SN65,,,,50,2022-10-28T11:08:30+00:00
504528,US-7257,small_airport,"Ferley Private Ultralight Airport",37.62681,-97.61257,1426,NA,"United States",US,Kansas,US-KS,KS,Goddard,0,,,,,,,50,2022-10-28T11:45:30+00:00
504631,US-7293,small_airport,"South Ranch Airport",37.58824,-97.61789,1396,NA,"United States",US,Kansas,US-KS,KS,Goddard,0,,,,,,,50,2022-11-02T14:00:33+00:00
329973,US-1053,small_airport,"Hiebert Airfield",38.215386,-97.3521847,1520,NA,"United States",US,Kansas,US-KS,KS,Goessel,0,38KS,,38KS,,,,50,2019-01-06T18:59:24+00:00
9153,27KS,small_airport,"Bellamy Farm Airport",39.13006,-101.713829,3650,NA,"United States",US,Kansas,US-KS,KS,Goodland,0,27KS,,27KS,,,,50,2022-08-08T15:03:06+00:00
12434,5KS2,closed,"Fortmeyer Airport",39.339609,-101.660614,3650,NA,"United States",US,Kansas,US-KS,KS,Goodland,0,,,,,,5KS2,50,2022-08-08T15:19:16+00:00
15775,9KS6,small_airport,"Lundgren Hereford Ranch Airport",38.808549,-100.570478,2600,NA,"United States",US,Kansas,US-KS,KS,Gove,0,9KS6,,9KS6,,,,50,2022-08-09T10:57:24+00:00
24643,SN66,closed,"Beesley Farms Airport",38.817476,-100.455337,2635,NA,"United States",US,Kansas,US-KS,KS,"Gove City",0,,,,,,SN66,50,2022-08-09T10:58:03+00:00
299715,US-0162,small_airport,"Coberly Airport",38.786889,-100.419843,2540,NA,"United States",US,Kansas,US-KS,KS,"Gove City",0,86KS,,86KS,,,,50,2022-08-09T11:00:09+00:00
24594,SN16,closed,"Curtis Airport",37.854899,-97.269409,1380,NA,"United States",US,Kansas,US-KS,KS,Grant,0,,,,,,"SN16, Kechi",50,2022-12-28T19:57:33+00:00
24644,SN67,closed,"Button Airport",38.36882,-98.82014,1845,NA,"United States",US,Kansas,US-KS,KS,"Great Bend",0,,,,,,SN67,50,2022-10-27T16:59:27+00:00
354111,0KS5,small_airport,"Oasis Aerodrome",38.450666,-98.797646,1914,NA,"United States",US,Kansas,US-KS,KS,"Great Bend",0,0KS5,,0KS5,,,,50,2022-04-22T10:49:28+00:00
14982,8K7,small_airport,"Paul Windle Municipal Airport",37.599998474121094,-99.27510070800781,2230,NA,"United States",US,Kansas,US-KS,KS,Greensburg,0,8K7,,8K7,,,,50,2008-06-13T14:30:04+00:00
331208,US-1123,small_airport,"Greensburg Municipal Airport",37.6227,-99.228377,2192,NA,"United States",US,Kansas,US-KS,KS,Greensburg,0,,,9KS,,,,50,2019-05-11T09:27:34+00:00
11122,45KS,closed,"Liebau Ranch Airport",37.4039,-96.4533,1250,NA,"United States",US,Kansas,US-KS,KS,Grenola,0,,,,,,45KS,50,2019-09-28T13:05:27+00:00
24585,SN05,small_airport,"Halstead Airport",38.03139877319336,-97.50920104980469,1412,NA,"United States",US,Kansas,US-KS,KS,Halstead,0,SN05,,SN05,,,,50,2008-06-13T14:30:04+00:00
14988,8KS2,small_airport,"King Ranch Airport",37.938899993896484,-96.23079681396484,1160,NA,"United States",US,Kansas,US-KS,KS,Hamilton,0,8KS2,,8KS2,,,,50,2008-06-13T14:30:04+00:00
24646,SN69,small_airport,"Emmerson Airport",37.9314,-94.642407,860,NA,"United States",US,Kansas,US-KS,KS,Hammond,0,,,SN69,,,,50,2023-04-04T22:26:45+00:00
12435,5KS3,small_airport,"Deweze Airport",37.279499,-98.018097,1414,NA,"United States",US,Kansas,US-KS,KS,Harper,0,5KS3,,5KS3,,,,50,2022-03-18T03:17:15+00:00
24647,SN70,small_airport,"Kaypod Airport",37.251399993896484,-97.95449829101562,1379,NA,"United States",US,Kansas,US-KS,KS,Harper,0,SN70,,SN70,,,,50,2008-06-13T14:30:04+00:00
24648,SN71,closed,"Bob Park Airport",37.302799,-97.964203,1396,NA,"United States",US,Kansas,US-KS,KS,Harper,0,,,,,,SN71,50,2020-01-18T17:18:13+00:00
15776,9KS7,closed,"Miller Airport",38.277802,-95.443298,1000,NA,"United States",US,Kansas,US-KS,KS,Harris,0,,,,,,9KS7,50,2022-11-23T01:42:48+00:00
24649,SN72,small_airport,"Graham Farms Airport",38.299031,-95.440807,985,NA,"United States",US,Kansas,US-KS,KS,Harris,0,SN72,,SN72,,,,50,2022-08-07T16:21:16+00:00
11492,4KS6,small_airport,"Thomsen Field",38.24169921875,-95.90670013427734,1140,NA,"United States",US,Kansas,US-KS,KS,Hartford,0,4KS6,,4KS6,,,,50,2008-06-13T14:30:04+00:00
24624,SN47,small_airport,"Converse Farm Airport",38.742118,-96.099772,1231,NA,"United States",US,Kansas,US-KS,KS,Harveyville,0,SN47,,SN47,,,,50,2022-10-27T16:49:52+00:00
9003,24KS,closed,"Blocker Field",37.858299,-97.817802,1523,NA,"United States",US,Kansas,US-KS,KS,Haven,0,,,,,,24KS,50,2017-09-13T22:56:32+00:00
24640,SN63,small_airport,"Gail Ballard Airport",37.6083984375,-99.1156997680664,2165,NA,"United States",US,Kansas,US-KS,KS,Haviland,0,SN63,,SN63,,,,50,2008-06-13T14:30:04+00:00
13768,73KS,small_airport,"Philip Ranch Airport",38.780601501464844,-99.22119903564453,1923,NA,"United States",US,Kansas,US-KS,KS,Hays,0,73KS,,73KS,,,,50,2008-06-13T14:30:04+00:00
14990,8KS4,small_airport,"Rans Airport",38.904998779296875,-99.35089874267578,2100,NA,"United States",US,Kansas,US-KS,KS,Hays,0,8KS4,,8KS4,,,,50,2008-06-13T14:30:04+00:00
506299,US-7511,small_airport,"Moore Homestead Airport",38.787258,-99.440058,2100,NA,"United States",US,Kansas,US-KS,KS,Hays,0,0KS6,,0KS6,,,,50,2023-01-29T17:33:08+00:00
345990,US-4650,small_airport,"Mason Airport",37.5377,-97.39184,1283,NA,"United States",US,Kansas,US-KS,KS,Haysville,0,,,,,,,50,2021-06-29T13:06:10+00:00
10004,32KS,small_airport,"Wilkens Airport",38.593101501464844,-100.61299896240234,2856,NA,"United States",US,Kansas,US-KS,KS,Healy,0,32KS,,32KS,,,,50,2008-06-13T14:30:04+00:00
14989,8KS3,small_airport,"Davis Airfield",39.85279846191406,-95.48049926757812,1100,NA,"United States",US,Kansas,US-KS,KS,Hiawatha,0,8KS3,,8KS3,,,,50,2008-06-13T14:30:04+00:00
24652,SN75,small_airport,"Sommers Airport",39.86669921875,-95.33360290527344,1070,NA,"United States",US,Kansas,US-KS,KS,Highland,0,SN75,,SN75,,,,50,2008-06-13T14:30:04+00:00
20448,KM66,small_airport,"Alfred Schroeder Field",38.343101501464844,-97.21420288085938,1434,NA,"United States",US,Kansas,US-KS,KS,Hillsboro,0,KM66,,M66,,,,50,2008-06-13T14:30:04+00:00
14757,87KS,closed,"Holyrood Municipal Airport",38.587502,-98.4048,1805,NA,"United States",US,Kansas,US-KS,KS,Holyrood,0,,,,,,87KS,50,2018-10-06T19:07:40+00:00
14177,7KS4,small_airport,"Bent Nail Ranch Airport",39.6333007812,-95.439201355,1180,NA,"United States",US,Kansas,US-KS,KS,Horton,0,7KS4,,7KS4,,,,50,2009-12-11T12:32:10+00:00
10231,37KS,closed,"Bar P Ranch Airport",37.481998,-96.337797,1060,NA,"United States",US,Kansas,US-KS,KS,Howard,0,,,,,,37KS,50,2017-11-10T11:18:56+00:00
18464,K1F5,small_airport,"Hoxie-Sheridan County Airport",39.3648986816,-100.439002991,2733,NA,"United States",US,Kansas,US-KS,KS,Hoxie,0,1F5,,1F5,,,KS01,50,2015-06-04T15:22:21+00:00
14178,7KS5,closed,"Croisant Airport",37.7962,-95.341904,1000,NA,"United States",US,Kansas,US-KS,KS,Humboldt,0,,,,,,7KS5,50,2018-03-02T11:09:59+00:00
8384,1KS0,small_airport,"Huey Airport",38.169498443603516,-97.97119903564453,1700,NA,"United States",US,Kansas,US-KS,KS,Hutchinson,0,1KS0,,1KS0,,,,50,2008-06-13T14:30:04+00:00
322093,US-0400,small_airport,"Flugplatz Airport",38.0248388,-97.7339389,1472,NA,"United States",US,Kansas,US-KS,KS,Hutchinson,0,30KS,,30KS,,,,50,2017-02-10T05:09:55+00:00
331671,US-1016,small_airport,"Irish Creek Airfield",37.880372,-97.887806,1512,NA,"United States",US,Kansas,US-KS,KS,Hutchinson,0,SN51,,SN51,,,,50,2019-07-14T12:15:00+00:00
13030,66KS,closed,"Patterson Farms Airport",37.163898,-95.8722,880,NA,"United States",US,Kansas,US-KS,KS,Independence,0,,,,,,"66KS, 66KS",50,2022-11-02T17:41:16+00:00
506090,16KS,small_airport,"Harmony Valley Airport",37.223471,-95.598389,780,NA,"United States",US,Kansas,US-KS,KS,Independence,0,16KS,,16KS,,,,50,2023-01-14T22:45:10+00:00
18635,K30K,small_airport,"Ingalls Municipal Airport",37.90700149536133,-100.53099822998047,2814,NA,"United States",US,Kansas,US-KS,KS,Ingalls,0,K30K,,30K,,,,50,2008-06-13T14:30:04+00:00
15773,9KS4,small_airport,"Rose Port Inc Airport",39.636395,-98.359802,1500,NA,"United States",US,Kansas,US-KS,KS,Ionia,0,9KS4,,9KS4,,,"Rose Pork Inc Airport",50,2017-03-24T20:13:47+00:00
24625,SN48,small_airport,"Moore Field",37.788243,-98.849514,1992,NA,"United States",US,Kansas,US-KS,KS,Iuka,0,SN48,,SN48,,,,50,2022-10-27T16:50:40+00:00
20265,KK79,small_airport,"Jetmore Municipal Airport",37.984500885009766,-99.89430236816406,2466,NA,"United States",US,Kansas,US-KS,KS,Jetmore,0,KK79,,K79,,,,50,2008-06-13T14:30:04+00:00
18597,K2K3,small_airport,"Stanton County Municipal Airport",37.583039,-101.733002,3324,NA,"United States",US,Kansas,US-KS,KS,Johnson,0,KJHN,,JHN,,https://en.wikipedia.org/wiki/Stanton_County_Municipal_Airport,2K3,50,2016-02-21T15:50:30+00:00
24654,SN77,closed,"Johns Airport",37.400002,-101.766998,3390,NA,"United States",US,Kansas,US-KS,KS,Johnson,0,,,,,,SN77,50,2017-06-11T22:07:08+00:00
12436,5KS4,closed,"Hall Farms Airport",39.230001,-101.983002,3908,NA,"United States",US,Kansas,US-KS,KS,Kanorado,0,,,,,,5KS4,50,2019-03-31T12:01:24+00:00
24582,SN02,small_airport,"Wright International Airport",39.40829849243164,-102.02100372314453,3883,NA,"United States",US,Kansas,US-KS,KS,Kanorado,0,SN02,,SN02,,,,50,2008-06-13T14:30:04+00:00
10281,38KS,closed,"Savute Airport",37.777802,-97.277496,1400,NA,"United States",US,Kansas,US-KS,KS,Kechi,0,,,,,,38KS,50,2019-01-06T19:07:52+00:00
19194,K9K8,small_airport,"Kingman Airport Clyde Cessna Field",37.66899872,-98.12390137,1607,NA,"United States",US,Kansas,US-KS,KS,Kingman,0,K9K8,,9K8,,,,50,2010-01-23T11:28:46+00:00
18641,K33K,small_airport,"Kinsley Municipal Airport",37.909000396728516,-99.4030990600586,2171,NA,"United States",US,Kansas,US-KS,KS,Kinsley,0,K33K,,33K,,,,50,2008-06-13T14:30:04+00:00
13330,6KS6,closed,"Kiowa Airport",37.015301,-98.495903,1333,NA,"United States",US,Kansas,US-KS,KS,Kiowa,0,,,,,,6KS6,50,2022-07-15T20:23:42+00:00
322486,42KS,small_airport,"Farney Field Airport",37.01069,-98.454528,1345,NA,"United States",US,Kansas,US-KS,KS,Kiowa,0,42KS,,42KS,,,,50,2017-03-25T21:10:39+00:00
9056,25KS,small_airport,"Wyrill Farming Airport",39.6833000183,-99.12840271,1700,NA,"United States",US,Kansas,US-KS,KS,Kirwin,0,25KS,,25KS,,,,50,2009-12-10T13:14:08+00:00
20271,KK94,small_airport,"Rush County Airport",38.548301696777344,-99.2886962890625,2070,NA,"United States",US,Kansas,US-KS,KS,"La Crosse",0,KK94,,K94,,,,50,2008-06-13T14:30:04+00:00
18655,K36K,small_airport,"Kearny County Airport",37.969501,-101.254997,3077,NA,"United States",US,Kansas,US-KS,KS,Lakin,0,,,36K,,,"Lakin Airport",50,2019-03-01T19:27:35+00:00
13725,72KS,closed,"Mount Muncie Airport",39.2733,-94.880203,750,NA,"United States",US,Kansas,US-KS,KS,Lansing,0,,,,,,72KS,50,2021-05-12T03:22:21+00:00
7255,0KS4,small_airport,"Norris Airport",38.807239,-95.370056,1065,NA,"United States",US,Kansas,US-KS,KS,Lawrence,0,0KS4,,0KS4,,,,50,2009-12-13T10:57:46+00:00
24622,SN45,small_airport,"Michael's Airport",38.83140182495117,-95.26640319824219,1105,NA,"United States",US,Kansas,US-KS,KS,Lawrence,0,SN45,,SN45,,,,50,2008-06-13T14:30:04+00:00
24660,SN84,small_airport,"Blaser's Airport",39.27080154418945,-94.98770141601562,1000,NA,"United States",US,Kansas,US-KS,KS,Leavenworth,0,SN84,,SN84,,,,50,2008-06-13T14:30:04+00:00
13331,6KS7,small_airport,"Shute Airport",39.984500885009766,-98.51029968261719,1960,NA,"United States",US,Kansas,US-KS,KS,Lebanon,0,6KS7,,6KS7,,,,50,2008-06-13T14:30:04+00:00
24583,SN03,small_airport,"Lenora Municipal Airport",39.629398345947266,-100.01499938964844,2373,NA,"United States",US,Kansas,US-KS,KS,Lenora,0,SN03,,SN03,,,,50,2008-06-13T14:30:04+00:00
12437,5KS6,closed,"Mollenkamp Field",38.766701,-101.257004,3295,NA,"United States",US,Kansas,US-KS,KS,Leoti,0,,,,,,5KS6,50,2018-06-10T16:04:05+00:00
24662,SN86,closed,"Arrow B Ranch Airport",38.704201,-101.420998,3430,NA,"United States",US,Kansas,US-KS,KS,Leoti,0,,,,,,SN86,50,2019-01-04T12:37:30+00:00
323361,00AA,small_airport,"Aero B Ranch Airport",38.704022,-101.473911,3435,NA,"United States",US,Kansas,US-KS,KS,Leoti,0,00AA,,00AA,,,,50,2017-05-21T14:39:32+00:00
24663,SN87,small_airport,"Supreme Feeders Airport",37.2599983215332,-100.90699768066406,2830,NA,"United States",US,Kansas,US-KS,KS,Liberal,0,SN87,,SN87,,,,50,2008-06-13T14:30:04+00:00
19022,K71,small_airport,"Lincoln Municipal Airport",39.058101654052734,-98.16699981689453,1412,NA,"United States",US,Kansas,US-KS,KS,Lincoln,0,K71,,K71,,,,50,2008-06-13T14:30:04+00:00
9251,29KS,closed,"Navrat Airport",38.4828,-97.011398,1470,NA,"United States",US,Kansas,US-KS,KS,Lincolnville,0,,,,,,29KS,50,2017-09-10T17:28:15+00:00
6599,01KS,small_airport,"Flying N Ranch Airport",38.54059982299805,-97.00330352783203,1485,NA,"United States",US,Kansas,US-KS,KS,"Lost Springs",0,01KS,,01KS,,,,50,2008-06-13T14:30:04+00:00
14179,7KS6,small_airport,"Linders Cow-Chip Airport",38.626399993896484,-94.76940155029297,985,NA,"United States",US,Kansas,US-KS,KS,Louisburg,0,7KS6,,7KS6,,,,50,2008-06-13T14:30:04+00:00
24664,SN88,small_airport,"Crosswind Airfield",38.5713996887207,-94.71269989013672,1100,NA,"United States",US,Kansas,US-KS,KS,Louisburg,0,SN88,,SN88,,,,50,2008-06-13T14:30:04+00:00
24665,SN89,small_airport,"Somerset Airport",38.53779983520508,-94.72689819335938,1100,NA,"United States",US,Kansas,US-KS,KS,Louisburg,0,SN89,,SN89,,,,50,2008-06-13T14:30:04+00:00
10280,38K,small_airport,"Lucas Airport",39.0620002746582,-98.52529907226562,1485,NA,"United States",US,Kansas,US-KS,KS,Lucas,0,38K,,38K,,,,50,2008-06-13T14:30:04+00:00
343450,US-3783,small_airport,"Maxwell Aviation Airport",38.278694,-98.07805,1677,NA,"United States",US,Kansas,US-KS,KS,Lyons,0,,,8KS,,,87KS,50,2021-06-10T14:49:45+00:00
15421,94KS,small_airport,"Smith Field",37.974998474121094,-98.9656982421875,2023,NA,"United States",US,Kansas,US-KS,KS,Macksville,0,94KS,,94KS,,,,50,2008-06-13T14:30:04+00:00
24667,SN91,small_airport,"Godfrey Airport",38.10969924926758,-96.1156005859375,1100,NA,"United States",US,Kansas,US-KS,KS,Madison,0,SN91,,SN91,,,,50,2008-06-13T14:30:04+00:00
11038,43KS,small_airport,"Smith Airport",39.101898193359375,-96.41780090332031,1100,NA,"United States",US,Kansas,US-KS,KS,Manhattan,0,43KS,,43KS,,,,50,2008-06-13T14:30:04+00:00
11289,49KS,small_airport,"N & N Airport",39.2140998840332,-96.67230224609375,1230,NA,"United States",US,Kansas,US-KS,KS,Manhattan,0,49KS,,49KS,,,,50,2008-06-13T14:30:04+00:00
24668,SN92,small_airport,"Sunshine Ranch Airport",39.33330154418945,-96.70030212402344,1300,NA,"United States",US,Kansas,US-KS,KS,Manhattan,0,SN92,,SN92,,,,50,2008-06-13T14:30:04+00:00
328316,US-0897,small_airport,"Tracy Airport",39.2348,-96.473601,1272,NA,"United States",US,Kansas,US-KS,KS,Manhattan,0,5KS6,,5KS6,,,,50,2018-06-10T16:12:24+00:00
329732,95KS,small_airport,"Fuller Airfield",39.026161,-96.015042,1058,NA,"United States",US,Kansas,US-KS,KS,"Maple Hill",0,95KS,,95KS,,,,50,2018-11-23T19:35:06+00:00
345611,82KS,small_airport,"Greg Post Farms Airport",38.012073,-94.857872,884,NA,"United States",US,Kansas,US-KS,KS,Mapleton,0,82KS,,82KS,,,,50,2021-06-21T11:33:38+00:00
12439,5KS8,small_airport,"Jack Poore Airport",39.81809997558594,-101.3479995727539,3330,NA,"United States",US,Kansas,US-KS,KS,"Mc Donald",0,5KS8,,5KS8,,,,50,2008-06-13T14:30:04+00:00
12433,5KS1,small_airport,"Threshing Bee Airport",39.19380187988281,-95.21630096435547,1150,NA,"United States",US,Kansas,US-KS,KS,"Mc Louth",0,5KS1,,5KS1,,,,50,2008-06-13T14:30:04+00:00
24666,SN90,small_airport,"Eibes Airfield",39.226959,-95.192231,1100,NA,"United States",US,Kansas,US-KS,KS,"Mc Louth",0,SN90,,SN90,,,"D'Field Airport",50,2020-02-22T19:51:21+00:00
322581,00IG,small_airport,"Goltl Airport",39.724028,-101.395994,3359,NA,"United States",US,Kansas,US-KS,KS,McDonald,0,00IG,,00IG,,,,50,2017-04-02T11:42:13+00:00
24591,SN12,small_airport,"Jenkinson Airport",37.36389923095703,-100.47100067138672,2737,NA,"United States",US,Kansas,US-KS,KS,Meade,0,SN12,,SN12,,,,50,2008-06-13T14:30:04+00:00
15612,99KS,small_airport,"Elm Creek Farms Airport",37.410995,-98.649306,1600,NA,"United States",US,Kansas,US-KS,KS,"Medicine Lodge",0,99KS,,99KS,,,,50,2022-03-18T03:22:47+00:00
20254,KK51,small_airport,"Medicine Lodge Airport",37.266,-98.548052,1543,NA,"United States",US,Kansas,US-KS,KS,"Medicine Lodge",0,KK51,,K51,,,,50,2022-03-18T03:20:16+00:00
8043,17KS,closed,"Tevis Airport",38.5028,-95.6772,1000,NA,"United States",US,Kansas,US-KS,KS,Melvern,0,,,,,,"17KS, 17KS, 17KS",50,2021-07-25T14:00:26+00:00
14530,81KS,small_airport,"Blackhawk Airport",39.1562,-95.577499,1015,NA,"United States",US,Kansas,US-KS,KS,Meriden,0,81KS,,81KS,,,,50,2022-11-02T16:24:20+00:00
338921,US-2545,small_airport,"Lamb Ranch Airport",38.027312,-95.115327,1009,NA,"United States",US,Kansas,US-KS,KS,Mildred,0,59KS,,59KS,,,,50,2021-01-08T17:21:14+00:00
24669,SN93,small_airport,"Dickson /Private/ Airport",38.6458015442,-95.9891967773,1140,NA,"United States",US,Kansas,US-KS,KS,Miller,0,SN93,,SN93,,,,50,2009-12-07T18:33:37+00:00
18781,K45K,small_airport,"Minneapolis City County Airport",39.09469985961914,-97.72059631347656,1245,NA,"United States",US,Kansas,US-KS,KS,Minneapolis,0,K45K,,45K,,,,50,2008-06-13T14:30:04+00:00
24588,SN09,small_airport,"Solomon Valley Airpark",39.11389923095703,-97.68309783935547,1205,NA,"United States",US,Kansas,US-KS,KS,Minneapolis,0,SN09,,SN09,,,,50,2008-06-13T14:30:04+00:00
13851,75KS,small_airport,"Esplund Farm Airport",37.38669967651367,-99.86530303955078,2555,NA,"United States",US,Kansas,US-KS,KS,Minneola,0,75KS,,75KS,,,,50,2008-06-13T14:30:04+00:00
24670,SN94,small_airport,"Amy Airport",37.46670150756836,-100,2560,NA,"United States",US,Kansas,US-KS,KS,Minneola,0,SN94,,SN94,,,,50,2008-06-13T14:30:04+00:00
352260,US-6419,small_airport,"Kennedy Airport",37.412254,-100.092391,2749,NA,"United States",US,Kansas,US-KS,KS,Minneola,0,7KS7,,7KS7,,,,50,2022-02-02T18:23:24+00:00
506087,US-7502,small_airport,"Kraemer Airfield",37.398547,-100.037094,2551,NA,"United States",US,Kansas,US-KS,KS,Minneola,0,04KS,,04KS,,,,50,2023-01-14T22:32:52+00:00
9486,2K6,small_airport,"Elk County Airport",37.38059997558594,-96.27079772949219,1063,NA,"United States",US,Kansas,US-KS,KS,Moline,0,2K6,,2K6,,,,50,2008-06-13T14:30:04+00:00
13068,67KS,small_airport,"Montezuma Coop Airport",37.587501525878906,-100.43499755859375,2780,NA,"United States",US,Kansas,US-KS,KS,Montezuma,0,67KS,,67KS,,,,50,2008-06-13T14:30:04+00:00
15566,98KS,small_airport,"Rexford Airport",37.445899963378906,-100.49199676513672,2775,NA,"United States",US,Kansas,US-KS,KS,Montezuma,0,98KS,,98KS,,,,50,2008-06-13T14:30:04+00:00
18429,K17,small_airport,"Montezuma Municipal Airport",37.589698791503906,-100.46900177001953,2780,NA,"United States",US,Kansas,US-KS,KS,Montezuma,0,K17,,K17,,,,50,2008-06-13T14:30:04+00:00
13806,74KS,small_airport,"Ensminger Airport",37.93339920043945,-95.21720123291016,1070,NA,"United States",US,Kansas,US-KS,KS,Moran,0,74KS,,74KS,,,,50,2008-06-13T14:30:04+00:00
24672,SN97,small_airport,"G+ Ag Airport",37.325892,-101.194639,3056,NA,"United States",US,Kansas,US-KS,KS,Moscow,0,SN97,,SN97,,,"Brollier Airport",50,2022-10-27T17:10:27+00:00
338723,US-2391,small_airport,"Vintage Field",38.090674,-97.202583,1508,NA,"United States",US,Kansas,US-KS,KS,Newton,0,76KS,,76KS,,,,50,2021-01-06T13:18:58+00:00
507528,US-7570,small_airport,"Isaacson Airport",39.700917,-97.721258,1533,NA,"United States",US,Kansas,US-KS,KS,Norway,0,20KS,,20KS,,,,50,2023-03-28T23:05:30+00:00
14180,7KS7,closed,"Evans Airport",38.958302,-100.800003,2950,NA,"United States",US,Kansas,US-KS,KS,Oakley,0,,,,,,7KS7,50,2020-06-12T14:49:40+00:00
14181,7KS8,small_airport,"Shaw Aerial Spraying Airport",39.8306007385,-100.581001282,2700,NA,"United States",US,Kansas,US-KS,KS,Oberlin,0,7KS8,,7KS8,,,,50,2009-12-08T19:34:14+00:00
15528,97KS,small_airport,"Clear View Farm Airport",38.81010055541992,-94.75569915771484,1060,NA,"United States",US,Kansas,US-KS,KS,Olathe,0,97KS,,97KS,,,,50,2008-06-13T14:30:04+00:00
24674,SN99,small_airport,"Laflin Ranch Airport",39.400001525878906,-96.61699676513672,1190,NA,"United States",US,Kansas,US-KS,KS,Olsburg,0,SN99,,SN99,,,,50,2008-06-13T14:30:04+00:00
11917,52K,small_airport,"Charles E Grutzmacher Municipal Airport",39.4989013671875,-96.17169952392578,1183,NA,"United States",US,Kansas,US-KS,KS,Onaga,0,52K,,52K,,,,50,2008-06-13T14:30:04+00:00
7252,0KS0,small_airport,"J V Ranch Airport",38.63330078125,-95.92530059814453,1180,NA,"United States",US,Kansas,US-KS,KS,"Osage City",0,0KS0,,0KS0,,,,50,2008-06-13T14:30:04+00:00
355663,US-6955,small_airport,"Foxtrot Field Ultralight Flightpark",38.511972,-95.021308,894,NA,"United States",US,Kansas,US-KS,KS,Osawatomie,0,6KS6,,6KS6,,,,50,2022-07-16T13:51:29+00:00
20262,KK75,small_airport,"Osborne Municipal Airport",39.42919921875,-98.67949676513672,1565,NA,"United States",US,Kansas,US-KS,KS,Osborne,0,KK75,,K75,,,,50,2008-06-13T14:30:04+00:00
14174,7KS0,small_airport,"Flying T Airport",39.271085,-95.31705,1160,NA,"United States",US,Kansas,US-KS,KS,Oskaloosa,0,7KS0,,7KS0,,,,50,2022-11-02T16:52:45+00:00
7253,0KS2,closed,"Kellie Mann Airfield",38.560001,-95.309097,1045,NA,"United States",US,Kansas,US-KS,KS,Ottawa,0,,,,,,0KS2,50,2019-01-06T14:46:49+00:00
7254,0KS3,closed,"Camp Chippewa Airport",38.5667,-95.366898,1120,NA,"United States",US,Kansas,US-KS,KS,Ottawa,0,,,,,,0KS3,50,2022-06-20T10:40:17+00:00
24619,SN42,small_airport,"Harrod Airport",38.5614013671875,-95.20819854736328,990,NA,"United States",US,Kansas,US-KS,KS,Ottawa,0,SN42,,SN42,,,,50,2008-06-13T14:30:04+00:00
24634,SN57,small_airport,"Witham Airport",38.69860076904297,-95.30030059814453,1110,NA,"United States",US,Kansas,US-KS,KS,Ottawa,0,SN57,,SN57,,,,50,2008-06-13T14:30:04+00:00
14175,7KS2,small_airport,"Cloud Airport",38.85082,-95.467906,1020,NA,"United States",US,Kansas,US-KS,KS,Overbrook,0,7KS2,,7KS2,,,,50,2021-03-03T13:22:56+00:00
13110,68KS,closed,"Cloud 9 Airport",38.5672,-94.782501,1050,NA,"United States",US,Kansas,US-KS,KS,Paola,0,,,,,,68KS,50,2021-05-16T14:05:49+00:00
7885,14KS,small_airport,"G & S Space Port Airport",38.26919937133789,-94.90480041503906,940,NA,"United States",US,Kansas,US-KS,KS,Parker,0,14KS,,14KS,,,,50,2008-06-13T14:30:04+00:00
7258,0KS8,small_airport,"Pearce Field",37.38249969482422,-95.37470245361328,950,NA,"United States",US,Kansas,US-KS,KS,Parsons,0,0KS8,,0KS8,,,,50,2008-06-13T14:30:04+00:00
14991,8KS5,small_airport,"Blue Sky Airport",37.316148,-95.280089,890,NA,"United States",US,Kansas,US-KS,KS,Parsons,0,8KS5,,8KS5,,,,50,2021-10-21T17:34:47+00:00
331077,US-1107,small_airport,"Papas Dream Airport",37.2981431,-95.262931,890,NA,"United States",US,Kansas,US-KS,KS,Parsons,0,39KS,,39KS,,,,50,2019-04-27T01:08:02+00:00
337194,US-1972,small_airport,"Clemens Airport",37.378264,-95.339783,966,NA,"United States",US,Kansas,US-KS,KS,Parsons,0,50KS,,50KS,,,,50,2020-11-11T12:33:53+00:00
345780,US-4554,small_airport,"Diamond H Airport",37.255651,-95.231522,913,NA,"United States",US,Kansas,US-KS,KS,Parsons,0,80KS,,80KS,,,,50,2021-06-25T16:36:36+00:00
35131,80KS,small_airport,"Gilley's Airport",38.157798767100005,-97.19309997559999,1427,NA,"United States",US,Kansas,US-KS,KS,Peabody,0,,,80KS,,,9KS8,50,2010-02-19T15:48:09+00:00
7256,0KS6,closed,"Kendrigan Airport",37.452202,-97.317802,1240,NA,"United States",US,Kansas,US-KS,KS,Peck,0,,,,,,0KS6,50,2023-01-29T17:19:33+00:00
6952,07SN,small_airport,"Churchill Airport",39.77280044555664,-99.36009979248047,1965,NA,"United States",US,Kansas,US-KS,KS,Phillipsburg,0,07SN,,07SN,,,,50,2008-06-13T14:30:04+00:00
24658,SN81,small_airport,"Hancock Airport",39.18190002441406,-94.87000274658203,940,NA,"United States",US,Kansas,US-KS,KS,Piper,0,SN81,,SN81,,,,50,2008-06-13T14:30:04+00:00
344890,US-4230,small_airport,"Galichia Airport",37.5028,-94.7102,954,NA,"United States",US,Kansas,US-KS,KS,Pittsburg,0,,,,,,,50,2021-05-27T13:07:53+00:00
9494,2KS5,small_airport,"Plains Municipal Airport",37.27090072631836,-100.58799743652344,2762,NA,"United States",US,Kansas,US-KS,KS,Plains,0,2KS5,,2KS5,,,,50,2008-06-13T14:30:04+00:00
7512,0R9,small_airport,"Plainville Airpark",39.1945,-99.303398,2182,NA,"United States",US,Kansas,US-KS,KS,Plainville,0,,,0R9,,,KS04,50,2020-02-22T16:07:14+00:00
12132,57K,closed,"Gilmore Airport",38.128109,-94.747639,900,NA,"United States",US,Kansas,US-KS,KS,Pleasanton,0,,,,,,57K,50,2022-08-08T11:11:48+00:00
13329,6KS5,closed,"Yeamans Fox Nest Airport",38.22628,-94.663353,782,NA,"United States",US,Kansas,US-KS,KS,Pleasanton,0,,,,,,6KS5,50,2022-08-07T16:05:01+00:00
322212,US-0429,small_airport,"Linn County Airport",38.173431,-94.690325,860,NA,"United States",US,Kansas,US-KS,KS,Pleasanton,0,,,1KS,,,,50,2022-08-07T16:04:00+00:00
7474,0P1,small_airport,"Van Pak Airport",39.83219909667969,-99.5687026977539,2213,NA,"United States",US,Kansas,US-KS,KS,"Prairie View",0,0P1,,0P1,,,,50,2008-06-13T14:30:04+00:00
11836,50KS,closed,"Grandpa's Farm Airport",37.6656,-98.619796,1820,NA,"United States",US,Kansas,US-KS,KS,Pratt,0,,,,,,50KS,50,2020-11-11T12:41:11+00:00
13325,6KS1,closed,"Quinter Air Strip",39.063851,-100.243721,2681,NA,"United States",US,Kansas,US-KS,KS,Quinter,0,,,,,,6KS1,50,2020-12-22T16:40:37+00:00
328038,US-0885,small_airport,"Gove County Airport",39.038609,-100.233881,2637,NA,"United States",US,Kansas,US-KS,KS,Quinter,0,,,1QK,,,,50,2018-05-27T17:54:33+00:00
345512,US-4487,small_airport,"Jamison Field",38.995678,-100.223427,2548,NA,"United States",US,Kansas,US-KS,KS,Quinter,0,23JY,,23JY,,,,50,2021-06-18T13:25:54+00:00
24626,SN49,small_airport,"Mc Collough Airfield",39.685298919699996,-97.9711990356,1465,NA,"United States",US,Kansas,US-KS,KS,Randall,0,SN49,,SN49,,,,50,2009-12-08T18:09:09+00:00
9202,28KS,small_airport,"Highland Farm Airport",38.54249954223633,-95.15609741210938,1010,NA,"United States",US,Kansas,US-KS,KS,Rantoul,0,28KS,,28KS,,,,50,2008-06-13T14:30:04+00:00
8385,1KS1,small_airport,"Cochran Airport",38.458899,-95.226531,1005,NA,"United States",US,Kansas,US-KS,KS,Richmond,0,1KS1,,1KS1,,,,50,2022-08-07T16:22:01+00:00
8387,1KS3,small_airport,"Leo's Place Airport",39.303992,-96.759431,1350,NA,"United States",US,Kansas,US-KS,KS,Riley,0,1KS3,,1KS3,,,,50,2023-01-14T17:47:13+00:00
11493,4KS7,small_airport,"Butler Airpark",37.55889892578125,-97.06500244140625,1310,NA,"United States",US,Kansas,US-KS,KS,"Rose Hill",0,4KS7,,4KS7,,,,50,2008-06-13T14:30:04+00:00
8390,1KS6,small_airport,"Silers Plane Valley Airport",38.86669921875,-97.5363998413086,1204,NA,"United States",US,Kansas,US-KS,KS,Salina,0,1KS6,,1KS6,,,,50,2008-06-13T14:30:04+00:00
11244,48KS,small_airport,"R F Roesner Airport",38.811100006103516,-97.431396484375,1230,NA,"United States",US,Kansas,US-KS,KS,Salina,0,48KS,,48KS,,,,50,2008-06-13T14:30:04+00:00
12174,58KS,small_airport,"Burger's Valley Airport",38.92219924926758,-97.70860290527344,1325,NA,"United States",US,Kansas,US-KS,KS,Salina,0,58KS,,58KS,,,,50,2008-06-13T14:30:04+00:00
15777,9KS9,small_airport,"Dmh Airport",38.79079818725586,-97.61830139160156,1272,NA,"United States",US,Kansas,US-KS,KS,Salina,0,9KS9,,9KS9,,,,50,2008-06-13T14:30:04+00:00
24580,SN00,small_airport,"J Roesner Airport",38.846900939941406,-97.55030059814453,1211,NA,"United States",US,Kansas,US-KS,KS,Salina,0,SN00,,SN00,,,,50,2008-06-13T14:30:04+00:00
346624,US-4864,small_airport,"Tamarack Landing",38.845428,-97.50495,1215,NA,"United States",US,Kansas,US-KS,KS,Salina,0,17KS,,17KS,,,,50,2021-07-25T11:23:57+00:00
8391,1KS7,small_airport,"Hitch Feeders Ii Inc. Airport",37.67359924316406,-101.01699829101562,3028,NA,"United States",US,Kansas,US-KS,KS,Satanta,0,1KS7,,1KS7,,,,50,2008-06-13T14:30:04+00:00
18482,K1K9,small_airport,"Satanta Municipal Airport",37.45640182495117,-100.98400115966797,2976,NA,"United States",US,Kansas,US-KS,KS,Satanta,0,K1K9,,1K9,,,,50,2008-06-13T14:30:04+00:00
24673,SN98,small_airport,"Anton Flying Uv Airport",37.420799255371094,-100.94200134277344,2954,NA,"United States",US,Kansas,US-KS,KS,Satanta,0,SN98,,SN98,,,,50,2008-06-13T14:30:04+00:00
8392,1KS8,small_airport,"Buehler Airport",38.51530075073242,-100.99500274658203,3038,NA,"United States",US,Kansas,US-KS,KS,"Scott City",0,1KS8,,1KS8,,,,50,2008-06-13T14:30:04+00:00
13894,76KS,closed,"Prima Airport",38.2584,-100.879997,2915,NA,"United States",US,Kansas,US-KS,KS,"Scott City",0,,,,,,76KS,50,2020-04-24T02:27:30+00:00
9489,2KS0,small_airport,"Rupp Airport",37.20669937133789,-96.07689666748047,1000,NA,"United States",US,Kansas,US-KS,KS,Sedan,0,2KS0,,2KS0,,,,50,2008-06-13T14:30:04+00:00
7768,12KS,small_airport,"Sooter Airport",37.935298919677734,-97.48780059814453,1420,NA,"United States",US,Kansas,US-KS,KS,Sedgwick,0,12KS,,12KS,,,,50,2008-06-13T14:30:04+00:00
14182,7KS9,small_airport,"Eagle Field",37.849197,-97.510239,1379,NA,"United States",US,Kansas,US-KS,KS,Sedgwick,0,7KS9,,7KS9,,,,50,2022-11-02T12:56:31+00:00
13326,6KS2,small_airport,"Stevenson Private Airport",39.44169998168945,-100.62999725341797,2940,NA,"United States",US,Kansas,US-KS,KS,Selden,0,6KS2,,6KS2,,,,50,2008-06-13T14:30:04+00:00
12868,62K,small_airport,"Seneca Municipal Airport",39.847198486328125,-96.11280059814453,1270,NA,"United States",US,Kansas,US-KS,KS,Seneca,0,62K,,62K,,,,50,2008-06-13T14:30:04+00:00
322067,US-0397,small_airport,"Heinen Airport",39.779366,-96.004127,1318,NA,"United States",US,Kansas,US-KS,KS,Seneca,0,63KS,,63KS,,,,50,2017-02-05T14:08:47+00:00
322196,2KS6,small_airport,"Flying H Airport",39.750379,-96.026783,1192,NA,"United States",US,Kansas,US-KS,KS,Seneca,0,2KS6,,2KS6,,,,50,2017-02-18T17:38:11+00:00
345802,93KS,small_airport,"Ronnebaum Airfield",39.78,-96.084722,1280,NA,"United States",US,Kansas,US-KS,KS,Seneca,0,93KS,,93KS,,,,50,2021-06-25T19:58:52+00:00
9490,2KS1,small_airport,"Rush Airport",39.77439880371094,-95.2510986328125,950,NA,"United States",US,Kansas,US-KS,KS,Severance,0,2KS1,,2KS1,,,,50,2008-06-13T14:30:04+00:00
9491,2KS2,small_airport,"Stuber Flying Ranch Airport",37.655601501464844,-96.29060363769531,1200,NA,"United States",US,Kansas,US-KS,KS,Severy,0,2KS2,,2KS2,,,,50,2008-06-13T14:30:04+00:00
13327,6KS3,closed,"Walker Strip",38.8456,-101.748001,3670,NA,"United States",US,Kansas,US-KS,KS,"Sharon Springs",0,,,,,,6KS3,50,2022-02-02T17:30:58+00:00
13328,6KS4,small_airport,"Bussen Airport",38.90530014038086,-101.78399658203125,3475,NA,"United States",US,Kansas,US-KS,KS,"Sharon Springs",0,6KS4,,6KS4,,,,50,2008-06-13T14:30:04+00:00
24601,SN23,closed,"Overmiller Airport",39.911999,-98.665604,2010,NA,"United States",US,Kansas,US-KS,KS,"Smith Center",0,,,,,,SN23,50,2019-01-05T22:48:19+00:00
9964,31KS,small_airport,"Mills Field",37.99580001831055,-97.92949676513672,1520,NA,"United States",US,Kansas,US-KS,KS,"South Hutchinson",0,31KS,,31KS,,,,50,2008-06-13T14:30:04+00:00
9493,2KS4,closed,"Dick Airport",37.446653,-98.223196,1549,NA,"United States",US,Kansas,US-KS,KS,Spivey,0,,,,,,2KS4,50,2022-10-28T17:58:15+00:00
10958,41KS,small_airport,"Flying Z Ranch Airport",38.73550033569336,-94.79730224609375,1075,NA,"United States",US,Kansas,US-KS,KS,"Spring Hill",0,41KS,,41KS,,,,50,2008-06-13T14:30:04+00:00
14722,86KS,closed,"Weiss Airport",38.705799,-94.824699,1031,NA,"United States",US,Kansas,US-KS,KS,"Spring Hill",0,,,,,,86KS,50,2019-09-29T18:41:31+00:00
10787,3TA,small_airport,"Stafford Municipal Airport",37.95830154418945,-98.65039825439453,1886,NA,"United States",US,Kansas,US-KS,KS,Stafford,0,3TA,,3TA,,,,50,2008-06-13T14:30:04+00:00
338922,US-2546,small_airport,"Willys Lake Airport",38.19685,-98.182575,1631,NA,"United States",US,Kansas,US-KS,KS,Sterling,0,68KS,,68KS,,,,50,2021-01-08T17:29:54+00:00
12906,63K,small_airport,"Hillside Airport",38.82109832763672,-94.60970306396484,1025,NA,"United States",US,Kansas,US-KS,KS,Stilwell,0,63K,,63K,,https://en.wikipedia.org/wiki/Hillside_Airport,,50,2008-06-13T14:30:04+00:00
14993,8KS7,small_airport,"Pine Sod Ranch Airport",38.73310089111328,-94.64520263671875,1072,NA,"United States",US,Kansas,US-KS,KS,Stilwell,0,8KS7,,8KS7,,,,50,2008-06-13T14:30:04+00:00
7514,0S2,closed,"Stockton Municipal Airport",39.377201,-99.295097,1973,NA,"United States",US,Kansas,US-KS,KS,Stockton,0,,,,,,"0S2, KS07",50,2020-02-22T16:03:08+00:00
301240,KRCP,small_airport,"Rooks County Regional Airport",39.346592,-99.304649,1998,NA,"United States",US,Kansas,US-KS,KS,Stockton,0,KRCP,,RCP,https://rookscounty.net/airport-information,https://en.wikipedia.org/wiki/Rooks_County_Regional_Airport,,50,2021-06-10T01:07:44+00:00
9495,2KS8,small_airport,"Vonada Airport",39.11669921875,-98.40029907226562,1629,NA,"United States",US,Kansas,US-KS,KS,"Sylvan Grove",0,2KS8,,2KS8,,,,50,2008-06-13T14:30:04+00:00
345353,64KS,small_airport,"Minnow Creek Airport",38.976543,-98.47143,1493,NA,"United States",US,Kansas,US-KS,KS,"Sylvan Grove",0,64KS,,64KS,,,,50,2021-06-10T10:40:27+00:00
24671,SN95,small_airport,"Roberts Air Field",37.977500915527344,-98.4041976928711,1765,NA,"United States",US,Kansas,US-KS,KS,Sylvia,0,SN95,,SN95,,,,50,2008-06-13T14:30:04+00:00
18711,K3K3,small_airport,"Syracuse Hamilton County Municipal Airport",37.99169921875,-101.74600219726562,3322,NA,"United States",US,Kansas,US-KS,KS,Syracuse,0,K3K3,,3K3,,,,50,2008-06-13T14:30:04+00:00
322184,55KS,small_airport,"Ringneck Ranch Airport",39.300435,-98.45835,1586,NA,"United States",US,Kansas,US-KS,KS,Tipton,0,55KS,,55KS,,,,50,2017-02-17T15:56:46+00:00
7716,11KS,closed,"Sheller's Airport",39.116695,-95.148904,1090,NA,"United States",US,Kansas,US-KS,KS,Tonganoxie,0,,,,,,11KS,50,2017-08-26T22:46:13+00:00
9496,2KS9,small_airport,"Starshire Farm Airport",38.900001525878906,-95.58360290527344,990,NA,"United States",US,Kansas,US-KS,KS,Topeka,0,2KS9,,2KS9,,,,50,2008-06-13T14:30:04+00:00
10050,33KS,small_airport,"Buena Terra Airpark",39.152361,-95.610065,950,NA,"United States",US,Kansas,US-KS,KS,Topeka,0,33KS,,33KS,,,,50,2022-11-02T16:24:57+00:00
10540,3KS1,closed,"Mesa Verde Airport",39.155602,-95.743301,1080,NA,"United States",US,Kansas,US-KS,KS,Topeka,0,,,,,,3KS1,50,2021-09-21T01:59:22+00:00
15282,90KS,small_airport,"Sunset Strip Airpark",38.982238,-95.593667,1075,NA,"United States",US,Kansas,US-KS,KS,Topeka,0,90KS,,90KS,,,,50,2021-03-03T13:26:54+00:00
12822,61KS,small_airport,"Masters Field",39.7588996887207,-95.0958023071289,1120,NA,"United States",US,Kansas,US-KS,KS,Troy,0,61KS,,61KS,,,,50,2008-06-13T14:30:04+00:00
10541,3KS3,small_airport,"Rogers Airport",37.40272,-97.194278,1210,NA,"United States",US,Kansas,US-KS,KS,Udall,0,3KS3,,3KS3,,,,50,2021-02-18T18:07:48+00:00
351250,US-6339,small_airport,"Leverton Airport",37.393907,-97.151485,1251,NA,"United States",US,Kansas,US-KS,KS,Udall,0,0KS2,,0KS2,,,,50,2022-01-06T00:40:49+00:00
10542,3KS4,small_airport,"Eveleigh Farms Airport",37.767848,-101.434579,3207,NA,"United States",US,Kansas,US-KS,KS,Ulysses,0,3KS4,,3KS4,,,,50,2022-09-29T14:16:12+00:00
14986,8KS0,small_airport,"Morgan Farms Airport",37.813242,-101.465043,3190,NA,"United States",US,Kansas,US-KS,KS,Ulysses,0,8KS0,,8KS0,,,,50,2022-09-29T14:15:30+00:00
21295,KULS,small_airport,"Ulysses Airport",37.60400009,-101.3740005,3071,NA,"United States",US,Kansas,US-KS,KS,Ulysses,0,KULS,,ULS,,,,50,2010-01-23T11:29:33+00:00
10545,3KS7,small_airport,"Berwick Airport",37.828227,-97.349296,1400,NA,"United States",US,Kansas,US-KS,KS,"Valley Center",0,3KS7,,3KS7,,,,50,2022-10-27T15:49:16+00:00
11162,46KS,small_airport,"Hidden Valley Airport",37.831699,-97.363098,1345,NA,"United States",US,Kansas,US-KS,KS,"Valley Center",0,46KS,,46KS,,,"Miles Airport",50,2022-10-27T15:49:26+00:00
24645,SN68,small_airport,"Lil Bird Airport",37.878817,-97.309041,1456,NA,"United States",US,Kansas,US-KS,KS,"Valley Center",0,SN68,,SN68,,,,50,2022-10-27T15:50:16+00:00
504627,US-7290,small_airport,"Harrison Airport",37.86593,-97.37598,1386,NA,"United States",US,Kansas,US-KS,KS,"Valley Center",0,,,,,,,50,2022-11-02T13:13:17+00:00
504628,US-7291,small_airport,"Fiscus Airport",37.87944,-97.30637,1460,NA,"United States",US,Kansas,US-KS,KS,"Valley Center",0,,,,,,,50,2022-11-02T13:50:18+00:00
334350,4KS9,small_airport,"Dinkel Airport",38.83395,-99.062875,1900,NA,"United States",US,Kansas,US-KS,KS,Victoria,0,4KS9,,4KS9,,,,50,2020-06-07T16:21:53+00:00
324941,US-0658,small_airport,"Weiss Acres Airport",37.524327,-97.603186,1302,NA,"United States",US,Kansas,US-KS,KS,Viola,0,24KS,,24KS,,,,50,2017-09-14T07:22:02+00:00
18366,K0H1,small_airport,"Trego WaKeeney Airport",39.004501,-99.892899,2435,NA,"United States",US,Kansas,US-KS,KS,WaKeeney,0,,,0H1,https://www.tregocountyks.com/2148/Airport,,7KS1,50,2020-12-22T16:55:44+00:00
14601,83KS,small_airport,"Miller Aeroplane Field",39.23529815673828,-96.29969787597656,1020,NA,"United States",US,Kansas,US-KS,KS,Wamego,0,83KS,,83KS,,,,50,2008-06-13T14:30:04+00:00
20249,KK38,small_airport,"Washington County Memorial Airport",39.73350143,-97.04769897,1435,NA,"United States",US,Kansas,US-KS,KS,Washington,0,KK38,,K38,,,,50,2010-01-23T11:29:10+00:00
7032,09KS,small_airport,"Coffman Airport",38.707000732421875,-95.13829803466797,970,NA,"United States",US,Kansas,US-KS,KS,Wellsville,0,09KS,,09KS,,,,50,2008-06-13T14:30:04+00:00
11489,4KS1,small_airport,"Amar Farms Airport",38.685298919677734,-95.03299713134766,1020,NA,"United States",US,Kansas,US-KS,KS,Wellsville,0,4KS1,,4KS1,,,,50,2008-06-13T14:30:04+00:00
12002,54KS,small_airport,"Michael Airport",38.802799224853516,-95.11270141601562,1020,NA,"United States",US,Kansas,US-KS,KS,Wellsville,0,54KS,,54KS,,,,50,2008-06-13T14:30:04+00:00
15770,9KS1,small_airport,"Hartland Airport",38.6594444,-95.0922222,993,NA,"United States",US,Kansas,US-KS,KS,Wellsville,0,9KS1,,9KS1,,,,50,2009-12-15T13:56:11+00:00
24661,SN85,small_airport,"Fox Fire Airport",38.73360061645508,-95.10220336914062,1058,NA,"United States",US,Kansas,US-KS,KS,Wellsville,0,SN85,,SN85,,,,50,2008-06-13T14:30:04+00:00
324925,US-0656,small_airport,"McMaster Gliderport",37.761289,-97.177341,1403,NA,"United States",US,Kansas,US-KS,KS,Wichita,0,29KS,,29KS,,,,50,2022-10-27T15:41:52+00:00
13651,70K,small_airport,"Maize Airport",37.76559829711914,-97.43589782714844,1336,NA,"United States",US,Kansas,US-KS,KS,Wichita/Maize/,0,70K,,70K,,,,50,2008-06-13T14:30:04+00:00
10922,40KS,small_airport,"Chanay Airport",38.540000915527344,-95.45079803466797,1110,NA,"United States",US,Kansas,US-KS,KS,Williamsburg,0,40KS,,40KS,,,,50,2008-06-13T14:30:04+00:00
14995,8KS9,small_airport,"The Wilderness Airport",38.44449996948242,-95.42530059814453,1050,NA,"United States",US,Kansas,US-KS,KS,Williamsburg,0,8KS9,,8KS9,,,,50,2008-06-13T14:30:04+00:00
13689,71KS,small_airport,"Stonehenge Airport",39.10419845581055,-95.29609680175781,1030,NA,"United States",US,Kansas,US-KS,KS,Williamstown,0,71KS,,71KS,,,,50,2008-06-13T14:30:04+00:00
13933,77KS,closed,"Abel Ranch Airport",37.3675,-96.878402,1320,NA,"United States",US,Kansas,US-KS,KS,Wilmont,0,,,,,,77KS,50,2017-04-28T20:19:52+00:00
9492,2KS3,small_airport,"Wilson Airport",38.83810043334961,-98.48560333251953,1727,NA,"United States",US,Kansas,US-KS,KS,Wilson,0,2KS3,,2KS3,,,,50,2008-06-13T14:30:04+00:00
14681,85KS,small_airport,"Sanders Airport",39.30099868774414,-95.2145004272461,1070,NA,"United States",US,Kansas,US-KS,KS,Winchester,0,85KS,,85KS,,,,50,2008-06-13T14:30:04+00:00
324921,US-0655,small_airport,"Davis Field",37.255011,-96.960372,1212,NA,"United States",US,Kansas,US-KS,KS,Winfield,0,,,11KS,,,"2KS4, 00FD",50,2022-08-15T02:32:25+00:00
347720,US-5178,small_airport,"Rhodes Airfield",37.184614,-96.886278,1320,NA,"United States",US,Kansas,US-KS,KS,Winfield,0,4KS4,,4KS4,,,,50,2021-09-19T00:14:46+00:00
10332,39KS,closed,"Rolling Meadows Airport",38.786098,-95.307503,1050,NA,"United States",US,Kansas,US-KS,KS,Worden,0,,,,,,39KS,50,2019-04-27T10:38:35+00:00
12438,5KS7,heliport,"Anthony Hospital Heliport",37.155601501464844,-98.01730346679688,1340,NA,"United States",US,Kansas,US-KS,KS,Anthony,0,5KS7,,5KS7,,,,25,2008-06-13T14:30:04+00:00
13324,6KS0,heliport,"Republic County Hospital Heliport",39.81779861450195,-97.63729858398438,1470,NA,"United States",US,Kansas,US-KS,KS,Belleville,0,6KS0,,6KS0,,,,25,2008-06-13T14:30:04+00:00
24590,SN11,heliport,"Caney Municipal Hospital Helicopter Pad Heliport",37.006500244140625,-95.93160247802734,755,NA,"United States",US,Kansas,US-KS,KS,Caney,0,SN11,,SN11,,,,25,2008-07-13T21:58:26+00:00
8141,19KS,heliport,"Schultz Field",37.619998931884766,-95.45860290527344,940,NA,"United States",US,Kansas,US-KS,KS,Chanute,0,19KS,,19KS,,,,25,2008-06-13T14:30:04+00:00
14827,89KS,heliport,"Neosho Memorial Regional Hospital Heliport",37.675021,-95.473876,988,NA,"United States",US,Kansas,US-KS,KS,Chanute,0,89KS,,89KS,,,,25,2021-10-15T17:00:32+00:00
15769,9KS0,heliport,"Coffeyville Regional Medical Center Heliport",37.04169845581055,-95.63909912109375,750,NA,"United States",US,Kansas,US-KS,KS,Coffeyville,0,9KS0,,9KS0,,,,25,2008-06-13T14:30:04+00:00
24633,SN56,closed,"Mercy Hospital Heliport",37.805511,-94.711365,905,NA,"United States",US,Kansas,US-KS,KS,"Fort Scott",0,,,,,,SN56,25,2019-03-16T20:27:24+00:00
12087,56KS,heliport,"Robinson Heliport",37.97719955444336,-100.84500122070312,3000,NA,"United States",US,Kansas,US-KS,KS,"Garden City",0,56KS,,56KS,,,,25,2008-06-13T14:30:04+00:00
24657,SN80,heliport,"Girard Medical Center Heliport",37.515524,-94.857835,995,NA,"United States",US,Kansas,US-KS,KS,Girard,0,SN80,,SN80,,,"Girard District Hospital Heliport",25,2021-10-04T10:37:34+00:00
24651,SN74,heliport,"Hays Medical Center Heliport",38.88029861450195,-99.29900360107422,2000,NA,"United States",US,Kansas,US-KS,KS,Hays,0,SN74,,SN74,,,,25,2008-06-13T14:30:04+00:00
6712,03KS,heliport,"Valley Grain Heliport",39.86470031738281,-95.26409912109375,1160,NA,"United States",US,Kansas,US-KS,KS,Highland,0,03KS,,03KS,,,,25,2008-06-13T14:30:04+00:00
7667,10KS,heliport,"University of Kansas Hospital Heliport",39.056277,-94.608892,958,NA,"United States",US,Kansas,US-KS,KS,"Kansas City",0,10KS,,10KS,,,"University of Kansas Medical Center Heliport",25,2013-12-08T14:34:05+00:00
13333,6KS9,heliport,"Providence Medical Center Heliport",39.1268997192,-94.7876968384,986,NA,"United States",US,Kansas,US-KS,KS,"Kansas City",0,6KS9,,6KS9,,,,25,2009-12-11T08:46:19+00:00
24656,SN79,heliport,"Municipal Office Building Heliport",39.11309814,-94.62609863,1026,NA,"United States",US,Kansas,US-KS,KS,"Kansas City",0,SN79,,SN79,,,,25,2010-01-23T11:29:43+00:00
24637,SN60,heliport,"Lcf Heliport",39.25,-94.90019989013672,760,NA,"United States",US,Kansas,US-KS,KS,Lansing,0,SN60,,SN60,,,,25,2008-06-13T14:30:04+00:00
6768,04KS,closed,"Robinson Industries Heliport",38.978901,-95.219704,835,NA,"United States",US,Kansas,US-KS,KS,Lawrence,0,,,,,,04KS,25,2023-01-14T22:11:21+00:00
24615,SN38,heliport,"Lawrence Memorial Hospital Heliport",38.97999954223633,-95.2489013671875,858,NA,"United States",US,Kansas,US-KS,KS,Lawrence,0,SN38,,SN38,,,,25,2008-06-13T14:30:04+00:00
24581,SN01,heliport,"Dwight Eisenhower Va Medical Center Heliport",39.282798767089844,-94.88800048828125,897,NA,"United States",US,Kansas,US-KS,KS,Leavenworth,0,SN01,,SN01,,,,25,2008-07-13T21:58:26+00:00
10544,3KS6,heliport,"St Mary Hospital Heliport",39.20180130004883,-96.60079956054688,1150,NA,"United States",US,Kansas,US-KS,KS,Manhattan,0,3KS6,,3KS6,,,,25,2008-06-13T14:30:04+00:00
24607,SN30,heliport,"Marysville Mediport Heliport",39.847801208496094,-96.63500213623047,1283,NA,"United States",US,Kansas,US-KS,KS,Marysville,0,SN30,,SN30,,,,25,2008-06-13T14:30:04+00:00
15771,9KS2,heliport,"Shawnee Mission Medical Center Heliport",38.99580001831055,-94.69110107421875,1030,NA,"United States",US,Kansas,US-KS,KS,Merriam,0,9KS2,,9KS2,,,,25,2008-06-13T14:30:04+00:00
24612,SN35,heliport,"Menorah Medical Park Heliport",38.91059875488281,-94.65019989013672,907,NA,"United States",US,Kansas,US-KS,KS,"Overland Park",0,SN35,,SN35,,,,25,2008-06-13T14:30:04+00:00
24631,SN54,heliport,"Overland Park Regional Medical Center Heliport",38.936905,-94.725906,961,NA,"United States",US,Kansas,US-KS,KS,"Overland Park",0,SN54,,SN54,,,,25,2015-03-17T11:46:57+00:00
24627,SN50,heliport,"Mt Carmel Medical Center Heliport",37.38029861450195,-94.6852035522461,915,NA,"United States",US,Kansas,US-KS,KS,Pittsburg,0,SN50,,SN50,,,,25,2008-06-13T14:30:04+00:00
24650,SN73,heliport,"Salina Regional Health Center Heliport",38.83110046386719,-97.61090087890625,1228,NA,"United States",US,Kansas,US-KS,KS,Salina,0,SN73,,SN73,,,,25,2008-06-13T14:30:04+00:00
7913,14SN,heliport,"Colmery-O'Neil Vamc Heliport",39.02640151977539,-95.72250366210938,950,NA,"United States",US,Kansas,US-KS,KS,Topeka,0,14SN,,14SN,,,,25,2008-06-13T14:30:04+00:00
8838,21KS,heliport,"University of Kansas Health System St Francis Heliport",39.056592,-95.695708,1114,NA,"United States",US,Kansas,US-KS,KS,Topeka,0,21KS,,21KS,,,"St Francis Hospital",25,2020-02-21T19:15:37+00:00
10539,3KS0,heliport,"Stormont-Vail Hospital Heliport",39.0525016784668,-95.69550323486328,920,NA,"United States",US,Kansas,US-KS,KS,Topeka,0,3KS0,,3KS0,,,,25,2008-06-13T14:30:04+00:00
9104,26KS,heliport,"St Lukes Hospital Heliport",37.27840042114258,-97.3936996459961,1236,NA,"United States",US,Kansas,US-KS,KS,Wellington,0,26KS,,26KS,,,,25,2008-06-13T14:30:04+00:00
6878,06KS,heliport,"Riverside Hospital Airlift Heliport",37.69580078125,-97.37249755859375,1332,NA,"United States",US,Kansas,US-KS,KS,Wichita,0,06KS,,06KS,,,,25,2008-06-13T14:30:04+00:00
8891,22KS,heliport,"St Francis Regional Medical Center Heliport",37.70000076293945,-97.33280181884766,1382,NA,"United States",US,Kansas,US-KS,KS,Wichita,0,22KS,,22KS,,,,25,2008-06-13T14:30:04+00:00
10094,34KS,heliport,"St Joseph Heliport",37.67169952392578,-97.29119873046875,1350,NA,"United States",US,Kansas,US-KS,KS,Wichita,0,34KS,,34KS,,,,25,2008-06-13T14:30:04+00:00
11261,48SN,heliport,"Lifeteam 20 Heliport",37.743402,-97.224197,1420,NA,"United States",US,Kansas,US-KS,KS,Wichita,0,48SN,,48SN,,,,25,2021-08-04T15:18:00+00:00
11491,4KS4,closed,"Police Heliport",37.6642,-97.348701,1290,NA,"United States",US,Kansas,US-KS,KS,Wichita,0,,,,,,4KS4,25,2021-09-21T01:44:48+00:00
14992,8KS6,heliport,"Wesley Medical Center Heliport",37.69559860229492,-97.29840087890625,1440,NA,"United States",US,Kansas,US-KS,KS,Wichita,0,8KS6,,8KS6,,,,25,2008-06-13T14:30:04+00:00
15772,9KS3,heliport,"Kake Helistop",37.71030044555664,-97.38839721679688,1330,NA,"United States",US,Kansas,US-KS,KS,Wichita,0,9KS3,,9KS3,,,,25,2008-06-13T14:30:04+00:00
24608,SN31,heliport,"William Newton Memorial Hospital Heliport",37.245201110839844,-96.98200225830078,1156,NA,"United States",US,Kansas,US-KS,KS,Winfield,0,SN31,,SN31,,,,25,2008-06-13T14:30:04+00:00
340931,US-3053,heliport,"Memorial Health System Helipad",38.92433,-97.20553,,NA,"United States",US,Kansas,US-KS,KS,Abilene,0,,,,,,,0,2021-02-09T09:36:13+00:00
340932,US-3054,closed,"Wright Airpark",38.90412,-97.21121,,NA,"United States",US,Kansas,US-KS,KS,Abilene,0,,,,,,,0,2021-02-09T09:38:25+00:00
504632,US-7294,closed,"Trabue Airport",37.63897,-97.09068,1315,NA,"United States",US,Kansas,US-KS,KS,Andover,0,,,,,,,0,2022-11-02T14:10:25+00:00
355066,US-6874,heliport,"South Central Kansas Medical Center Heliport",37.13378,-97.038508,1202,NA,"United States",US,Kansas,US-KS,KS,"Arkansas City",0,0KS3,,0KS3,,,,0,2022-06-20T10:47:37+00:00
504540,US-7262,closed,"Charden Farms Airport",37.08172,-96.95517,1234,NA,"United States",US,Kansas,US-KS,KS,"Arkansas City",0,,,,,,,0,2022-10-28T22:02:02+00:00
504541,US-7263,closed,"Marrs Field",37.07468,-96.968,1215,NA,"United States",US,Kansas,US-KS,KS,"Arkansas City",0,,,,,,,0,2022-10-28T22:05:59+00:00
504542,US-7264,closed,"Strother Airfield Number Two",37.04783,-97.15694,1238,NA,"United States",US,Kansas,US-KS,KS,"Arkansas City",0,,,,,,"Mid America Dragway",0,2022-10-28T22:10:09+00:00
348818,US-5523,closed,"Rollow Airport",37.64326,-95.44585,951,NA,"United States",US,Kansas,US-KS,KS,Chanute,0,,,,,,,0,2021-10-15T16:59:03+00:00
345800,92KS,heliport,"Cloud County Hospital Heliport",39.554583,-97.6605,1442,NA,"United States",US,Kansas,US-KS,KS,Concordia,0,92KS,,92KS,,,,0,2021-06-25T18:40:50+00:00
345801,US-4570,heliport,"Cloud County Health Center Heliport",39.566153,-97.672947,1443,NA,"United States",US,Kansas,US-KS,KS,Concordia,0,,,,,,,0,2021-06-25T19:14:12+00:00
352256,US-6417,heliport,"Newman Regional Health Heliport",38.410613,-96.195576,1164,NA,"United States",US,Kansas,US-KS,KS,Emporia,0,6KS1,,6KS1,,,,0,2022-02-02T17:05:55+00:00
341059,79KS,heliport,"Greenwood County Hospital Heliport",37.836203,-96.295261,1137,NA,"United States",US,Kansas,US-KS,KS,Eureka,0,79KS,,79KS,,,,0,2021-02-10T15:47:59+00:00
504554,US-7266,closed,"Heir Airport",37.69585,-96.06341,1066,NA,"United States",US,Kansas,US-KS,KS,"Fall River",0,,,,,,,0,2022-10-29T16:37:33+00:00
345502,1IN8,heliport,"Adderly's Pad Heliport",41.107243,-85.218056,847,NA,"United States",US,Kansas,US-KS,KS,"Fort Wayne",0,1IN8,,1IN8,,,,0,2021-06-18T15:01:13+00:00
351194,US-6323,closed,"Finney County Feedyard Airport",38.00768,-100.77386,2911,NA,"United States",US,Kansas,US-KS,KS,"Garden City",0,,,,,,,0,2022-01-03T18:21:16+00:00
351195,US-6324,heliport,"St Catherine Hospital Heliport",37.9702,-100.86776,2838,NA,"United States",US,Kansas,US-KS,KS,"Garden City",0,,,,,,,0,2022-01-03T18:23:14+00:00
504526,US-7256,closed,"Hovorka Airport",37.59723,-97.6606,,NA,"United States",US,Kansas,US-KS,KS,"Garden Plain",0,,,,,,,0,2022-10-28T11:34:48+00:00
504525,US-7255,closed,"Harport Landing Field",37.47483,-94.81658,970,NA,"United States",US,Kansas,US-KS,KS,Girard,0,,,,,,Harrport,0,2022-10-28T10:45:50+00:00
356072,US-7071,closed,"Tustin Airport",38.86667,-100.42958,2604,NA,"United States",US,Kansas,US-KS,KS,"Gove City",0,,,,,,,0,2022-08-09T10:54:14+00:00
338018,US-2173,closed,"Fairfax Municipal Airport",39.148056,-94.599722,741,NA,"United States",US,Kansas,US-KS,KS,"Kansas City",0,,,,,https://en.wikipedia.org/wiki/Fairfax_Municipal_Airport,"KCK, Fairfax Field, Sweeney Airport",0,2020-12-22T16:25:27+00:00
349690,US-5723,heliport,"Kansas Speedway Heliport",39.11832,-94.82556,997,NA,"United States",US,Kansas,US-KS,KS,"Kansas City",0,,,,,,,0,2021-11-12T15:18:37+00:00
505792,US-7442,closed,"Jeserick Airport",38.39164,-94.63482,1005,NA,"United States",US,Kansas,US-KS,KS,Lacygne,0,,,,,,,0,2022-12-28T13:50:07+00:00
338019,US-2174,closed,"Pollyet Airport",37.97984,-101.15359,,NA,"United States",US,Kansas,US-KS,KS,Lakin,0,,,,,,,0,2020-12-22T16:36:18+00:00
346564,US-4843,heliport,"St John Pavilion Heliport",39.281936,-94.902965,859,NA,"United States",US,Kansas,US-KS,KS,Leavenworth,0,1KS5,,1KS5,,,,0,2021-07-22T14:01:31+00:00
325410,US-0701,heliport,"Lindsborg Community Hospital Heliport",38.572594,-97.684213,1331,NA,"United States",US,Kansas,US-KS,KS,Lindsborg,0,37KS,,37KS,,,,0,2017-11-10T11:23:30+00:00
505793,US-7443,closed,"Hurt Airport",38.44307,-94.7047,1004,NA,"United States",US,Kansas,US-KS,KS,Louisburg,0,,,,,,,0,2022-12-28T13:51:40+00:00
356073,US-7072,closed,"Stevenson Airport",38.95001,-100.76708,2916,NA,"United States",US,Kansas,US-KS,KS,Oakley,0,,,,,,,0,2022-08-09T10:55:43+00:00
504634,US-7295,closed,"Shomin Airport",39.21615,-95.33716,1079,NA,"United States",US,Kansas,US-KS,KS,Oskaloosa,0,,,,,,,0,2022-11-02T16:52:11+00:00
338017,US-2172,closed,"Ashbaugh Airport",39.12973,-100.34458,2694,NA,"United States",US,Kansas,US-KS,KS,Park,0,,,,,,,0,2020-12-22T17:19:28+00:00
349054,US-5580,heliport,"Labette Health Heliport",37.32175,-95.26572,886,NA,"United States",US,Kansas,US-KS,KS,Parsons,0,,,,,,,0,2021-10-21T17:33:57+00:00
353045,7KS1,heliport,"Rooks County Health Center Heliport",39.247744,-99.297533,2156,NA,"United States",US,Kansas,US-KS,KS,Plainville,0,7KS1,,7KS1,,,,0,2022-02-26T22:17:31+00:00
46005,US-0092,heliport,"Rayl Heliport",38.45000076,-96.55670166,1250,NA,"United States",US,Kansas,US-KS,KS,"Strong City",0,,,,,,,0,2009-12-26T09:39:12+00:00
338016,US-2171,closed,"Lewis Airport",38.16825,-101.86758,,NA,"United States",US,Kansas,US-KS,KS,Syracuse,0,,,,,,,0,2020-12-22T15:22:38+00:00
504623,US-7287,closed,"Luther Airport",37.84348,-97.39067,1350,NA,"United States",US,Kansas,US-KS,KS,"Valley Center",0,,,,,,,0,2022-11-02T12:07:38+00:00
504624,US-7288,closed,"Calvert Airport",37.81862,-97.2954,1383,NA,"United States",US,Kansas,US-KS,KS,"Valley Center",0,,,,,,,0,2022-11-02T13:07:11+00:00
504626,US-7289,closed,"Heath Airport",37.83589,-97.43418,1356,NA,"United States",US,Kansas,US-KS,KS,"Valley Center",0,,,,,,,0,2022-11-02T13:12:07+00:00
338020,US-2175,closed,"Galloway Airport",39.08334,-99.86706,,NA,"United States",US,Kansas,US-KS,KS,WaKeeney,0,,,,,,,0,2020-12-22T16:39:30+00:00
352258,US-6418,heliport,"Via Christi St Teresa Heliport",37.72658,-97.513554,1357,NA,"United States",US,Kansas,US-KS,KS,Wichita,0,6KS3,,6KS3,,,,0,2022-02-02T17:14:46+00:00
